Timestamp,Open,High,Low,Close,Volume
2020-07-09 00:00:00,2.893,3.398,2.71,2.956,814828.589
2020-07-10 00:00:00,2.956,2.974,2.763,2.921,336121.948
2020-07-11 00:00:00,2.921,2.927,2.654,2.809,285697.148
2020-07-12 00:00:00,2.806,2.843,2.73,2.78,267451.597
2020-07-13 00:00:00,2.78,2.84,2.5,2.541,420242.131
2020-07-14 00:00:00,2.538,2.75,2.384,2.747,469580.081
2020-07-15 00:00:00,2.747,3.15,2.704,3.05,708397.187
2020-07-16 00:00:00,3.05,3.25,2.782,3.097,791153.526
2020-07-17 00:00:00,3.097,3.6,3.053,3.308,838226.636
2020-07-18 00:00:00,3.307,3.52,3.169,3.371,381798.329
2020-07-19 00:00:00,3.381,3.535,3.288,3.297,369647.946
2020-07-20 00:00:00,3.299,4.199,3.27,3.849,1475062.96
2020-07-21 00:00:00,3.84,4.029,3.341,3.479,737082.149
2020-07-22 00:00:00,3.479,3.79,3.351,3.479,393948.785
2020-07-23 00:00:00,3.479,3.62,3.1,3.35,420492.048
2020-07-24 00:00:00,3.346,3.627,3.235,3.337,543597.809
2020-07-25 00:00:00,3.337,3.721,3.296,3.541,347211.694
2020-07-26 00:00:00,3.542,3.565,3.0,3.155,658936.948
2020-07-27 00:00:00,3.154,3.22,2.67,2.869,958131.721
2020-07-28 00:00:00,2.869,3.48,2.869,3.372,869146.27
2020-07-29 00:00:00,3.372,3.386,3.07,3.273,542519.377
2020-07-30 00:00:00,3.273,3.683,3.265,3.547,825362.161
2020-07-31 00:00:00,3.547,3.965,3.486,3.952,971801.455
2020-08-01 00:00:00,3.951,4.111,3.577,3.793,1223189.479
2020-08-02 00:00:00,3.792,4.437,3.5,4.266,1298727.708
2020-08-03 00:00:00,4.266,4.387,3.89,4.148,877651.957
2020-08-04 00:00:00,4.148,4.563,4.136,4.47,1021141.217
2020-08-05 00:00:00,4.461,4.69,4.28,4.339,456892.4
2020-08-06 00:00:00,4.339,4.74,4.292,4.45,420306.831
2020-08-07 00:00:00,4.451,4.627,4.13,4.297,331415.652
2020-08-08 00:00:00,4.297,4.45,4.2,4.349,292458.027
2020-08-09 00:00:00,4.344,4.383,4.175,4.241,383272.29
2020-08-10 00:00:00,4.243,5.039,4.243,4.822,851456.172
2020-08-11 00:00:00,4.817,4.899,4.17,4.879,703164.114
2020-08-12 00:00:00,4.879,5.921,4.847,5.643,1561796.633
2020-08-13 00:00:00,5.644,6.0,4.736,5.072,1690119.639
2020-08-14 00:00:00,5.07,6.495,4.93,6.15,2240420.405
2020-08-15 00:00:00,6.146,7.46,5.9,6.859,3868282.053
2020-08-16 00:00:00,6.859,6.887,6.1,6.405,1016350.406
2020-08-17 00:00:00,6.398,6.875,6.072,6.177,1206308.714
2020-08-18 00:00:00,6.156,6.68,5.519,6.145,1375748.454
2020-08-19 00:00:00,6.146,6.409,5.4,6.091,1880672.801
2020-08-20 00:00:00,6.092,6.77,6.061,6.175,1595979.893
2020-08-21 00:00:00,6.176,6.27,5.21,5.315,1307457.175
2020-08-22 00:00:00,5.324,6.048,5.106,5.831,1029008.021
2020-08-23 00:00:00,5.829,5.891,5.344,5.678,794637.672
2020-08-24 00:00:00,5.688,6.3,5.535,6.231,937828.1
2020-08-25 00:00:00,6.239,6.57,5.5,5.867,1379764.441
2020-08-26 00:00:00,5.859,6.45,5.823,6.121,1219594.485
2020-08-27 00:00:00,6.121,6.43,5.86,6.093,1294103.666
2020-08-28 00:00:00,6.092,7.112,6.004,6.866,2318789.971
2020-08-29 00:00:00,6.866,7.0,6.466,6.529,970916.603
2020-08-30 00:00:00,6.52,7.415,6.5,7.301,1749192.333
2020-08-31 00:00:00,7.3,7.568,6.907,7.336,1843068.042
2020-09-01 00:00:00,7.336,7.88,7.084,7.104,2063482.572
2020-09-02 00:00:00,7.103,7.2,5.9,6.383,1645387.152
2020-09-03 00:00:00,6.373,6.585,5.028,5.255,1770506.304
2020-09-04 00:00:00,5.256,5.788,4.706,5.332,1518282.101
2020-09-05 00:00:00,5.321,7.0,3.65,4.472,2327734.699
2020-09-06 00:00:00,4.477,5.212,4.1,4.955,1719299.516
2020-09-07 00:00:00,4.951,5.065,4.104,4.644,1166952.755
2020-09-08 00:00:00,4.635,4.715,4.028,4.246,960831.208
2020-09-09 00:00:00,4.248,5.25,4.173,4.994,1371731.473
2020-09-10 00:00:00,5.0,5.87,4.986,5.725,1274741.326
2020-09-11 00:00:00,5.725,5.998,5.357,5.985,1224261.38
2020-09-12 00:00:00,5.985,6.178,5.612,6.131,891986.157
2020-09-13 00:00:00,6.14,6.286,5.06,5.388,1233257.461
2020-09-14 00:00:00,5.38,5.547,5.108,5.188,784157.432
2020-09-15 00:00:00,5.188,5.517,4.444,4.492,1554469.65
2020-09-16 00:00:00,4.493,4.978,4.131,4.794,1940547.341
2020-09-17 00:00:00,4.794,5.039,4.336,4.487,1402164.564
2020-09-18 00:00:00,4.483,4.745,4.333,4.554,1166923.237
2020-09-19 00:00:00,4.558,4.569,4.2,4.299,1077505.673
2020-09-20 00:00:00,4.295,4.548,4.071,4.19,762806.33
2020-09-21 00:00:00,4.186,4.258,3.461,3.618,1979892.817
2020-09-22 00:00:00,3.618,4.317,3.571,4.282,1109046.296
2020-09-23 00:00:00,4.282,4.42,3.67,3.7,1121904.946
2020-09-24 00:00:00,3.702,4.48,3.671,4.407,1405462.013
2020-09-25 00:00:00,4.403,5.2,4.294,4.915,1892859.154
2020-09-26 00:00:00,4.906,5.357,4.777,5.221,836235.162
2020-09-27 00:00:00,5.22,5.49,4.59,5.157,1647357.63
2020-09-28 00:00:00,5.157,5.495,4.807,4.94,1286025.439
2020-09-29 00:00:00,4.934,5.052,4.7,4.968,673416.595
2020-09-30 00:00:00,4.973,4.99,4.401,4.738,957436.147
2020-10-01 00:00:00,4.734,4.994,4.367,4.692,768270.933
2020-10-02 00:00:00,4.693,4.693,3.973,4.413,911075.675
2020-10-03 00:00:00,4.413,4.589,4.367,4.38,282412.485
2020-10-04 00:00:00,4.376,4.554,4.266,4.383,411909.457
2020-10-05 00:00:00,4.381,4.508,4.132,4.186,266656.85
2020-10-06 00:00:00,4.19,4.205,3.579,3.635,1002414.271
2020-10-07 00:00:00,3.627,3.955,3.485,3.941,834932.393
2020-10-08 00:00:00,3.936,4.066,3.634,3.957,982727.409
2020-10-09 00:00:00,3.954,4.389,3.758,4.294,1113337.837
2020-10-10 00:00:00,4.293,4.5,4.178,4.296,619966.882
2020-10-11 00:00:00,4.296,4.313,4.035,4.172,505700.643
2020-10-12 00:00:00,4.172,4.799,4.081,4.637,865419.461
2020-10-13 00:00:00,4.64,4.73,4.344,4.506,522618.079
2020-10-14 00:00:00,4.513,4.599,4.235,4.273,450562.777
2020-10-15 00:00:00,4.269,4.285,3.871,3.912,753749.505
2020-10-16 00:00:00,3.907,4.145,3.72,3.913,627588.602
2020-10-17 00:00:00,3.914,4.034,3.828,3.96,162450.797
2020-10-18 00:00:00,3.958,4.029,3.889,3.957,220924.702
2020-10-19 00:00:00,3.964,3.97,3.692,3.725,364282.437
2020-10-20 00:00:00,3.719,3.729,3.343,3.702,824491.583
2020-10-21 00:00:00,3.708,3.796,3.476,3.517,855196.485
2020-10-22 00:00:00,3.517,4.092,3.51,3.894,884670.621
2020-10-23 00:00:00,3.901,3.94,3.664,3.802,471731.065
2020-10-24 00:00:00,3.8,3.882,3.707,3.774,245384.147
2020-10-25 00:00:00,3.775,3.784,3.555,3.655,351657.661
2020-10-26 00:00:00,3.66,3.73,3.45,3.543,570338.183
2020-10-27 00:00:00,3.537,3.694,3.45,3.551,460280.152
2020-10-28 00:00:00,3.56,3.849,3.339,3.591,909679.997
2020-10-29 00:00:00,3.597,3.795,3.227,3.24,771755.185
2020-10-30 00:00:00,3.236,3.249,2.935,3.102,1023138.758
2020-10-31 00:00:00,3.105,3.14,3.009,3.017,226084.554
2020-11-01 00:00:00,3.014,3.036,2.718,2.904,703209.24
2020-11-02 00:00:00,2.906,3.008,2.61,2.612,693942.055
2020-11-03 00:00:00,2.62,2.62,2.47,2.571,481063.543
2020-11-04 00:00:00,2.576,2.768,2.471,2.727,489714.081
2020-11-05 00:00:00,2.729,3.29,2.547,3.161,1621875.447
2020-11-06 00:00:00,3.163,3.7,3.147,3.535,2183386.752
2020-11-07 00:00:00,3.536,4.68,3.525,3.761,3145744.428
2020-11-08 00:00:00,3.763,4.555,3.7,4.409,2183652.304
2020-11-09 00:00:00,4.411,4.598,3.956,4.243,1772084.974
2020-11-10 00:00:00,4.241,4.94,4.117,4.672,1528016.363
2020-11-11 00:00:00,4.67,4.773,3.982,3.997,1149973.002
2020-11-12 00:00:00,3.997,4.271,3.712,3.762,1320927.75
2020-11-13 00:00:00,3.762,4.463,3.751,4.222,1844935.776
2020-11-14 00:00:00,4.222,4.5,3.86,4.31,1523228.758
2020-11-15 00:00:00,4.313,4.579,3.956,4.125,1930288.301
2020-11-16 00:00:00,4.137,4.57,4.065,4.423,1212076.16
2020-11-17 00:00:00,4.426,5.423,4.415,5.074,2305541.753
2020-11-18 00:00:00,5.081,5.19,4.464,4.875,1667268.972
2020-11-19 00:00:00,4.872,5.265,4.56,4.992,1514198.089
2020-11-20 00:00:00,4.99,5.7,4.785,5.13,1980266.006
2020-11-21 00:00:00,5.137,5.589,5.069,5.255,1081983.352
2020-11-22 00:00:00,5.254,5.34,4.617,5.002,1494824.27
2020-11-23 00:00:00,5.003,5.56,4.942,5.452,1129884.16
2020-11-24 00:00:00,5.451,5.83,5.1,5.239,1353258.655
2020-11-25 00:00:00,5.239,5.362,4.565,4.823,1239580.389
2020-11-26 00:00:00,4.824,4.849,3.385,4.334,4172683.022
2020-11-27 00:00:00,4.336,4.599,3.904,4.124,1506551.425
2020-11-28 00:00:00,4.127,4.448,4.0,4.264,840083.318
2020-11-29 00:00:00,4.264,4.572,4.119,4.551,839995.997
2020-11-30 00:00:00,4.562,4.95,4.562,4.74,1324477.791
2020-12-01 00:00:00,4.753,5.268,4.531,4.744,1470103.458
2020-12-02 00:00:00,4.745,5.483,4.679,5.265,1403573.073
2020-12-03 00:00:00,5.266,5.3,5.013,5.238,837082.054
2020-12-04 00:00:00,5.238,5.359,4.828,4.951,1621681.588
2020-12-05 00:00:00,4.95,5.36,4.767,5.218,1388279.251
2020-12-06 00:00:00,5.214,5.379,4.941,5.152,882850.78
2020-12-07 00:00:00,5.153,5.345,5.025,5.2,858648.595
2020-12-08 00:00:00,5.2,5.493,4.534,4.671,2004257.704
2020-12-09 00:00:00,4.667,4.934,4.285,4.859,1811975.7
2020-12-10 00:00:00,4.854,4.879,4.448,4.623,846645.686
2020-12-11 00:00:00,4.631,4.666,4.126,4.348,811202.548
2020-12-12 00:00:00,4.354,4.636,4.337,4.458,544968.259
2020-12-13 00:00:00,4.467,4.79,4.388,4.751,423604.275
2020-12-14 00:00:00,4.748,5.442,4.6,5.25,1574445.217
2020-12-15 00:00:00,5.251,5.6,5.182,5.469,2380803.436
2020-12-16 00:00:00,5.469,5.476,4.927,5.276,1642088.375
2020-12-17 00:00:00,5.271,5.6,5.046,5.294,2068099.622
2020-12-18 00:00:00,5.297,6.617,5.16,6.12,3902427.715
2020-12-19 00:00:00,6.117,6.511,5.92,6.125,1801769.845
2020-12-20 00:00:00,6.125,6.385,5.78,5.963,1076828.278
2020-12-21 00:00:00,5.957,6.424,5.638,6.136,1494943.465
2020-12-22 00:00:00,6.14,7.74,5.704,7.202,5217299.47
2020-12-23 00:00:00,7.203,8.48,6.288,7.115,6856208.172
2020-12-24 00:00:00,7.11,7.788,6.581,7.48,2788244.596
2020-12-25 00:00:00,7.479,7.98,7.028,7.341,1909442.039
2020-12-26 00:00:00,7.35,8.771,7.283,8.022,4044716.877
2020-12-27 00:00:00,8.026,8.525,7.34,8.069,3098202.958
2020-12-28 00:00:00,8.058,8.462,7.82,8.0,2152979.038
2020-12-29 00:00:00,7.999,8.157,7.35,7.786,1509588.086
2020-12-30 00:00:00,7.78,7.96,7.235,7.327,1276681.207
2020-12-31 00:00:00,7.327,7.847,7.042,7.23,1306081.625
2021-01-01 00:00:00,7.23,8.556,7.154,8.308,1946257.453
2021-01-02 00:00:00,8.314,8.618,7.981,8.192,1196084.717
2021-01-03 00:00:00,8.192,9.625,7.997,9.539,1854105.144
2021-01-04 00:00:00,9.527,11.498,8.4,11.492,2839117.506
2021-01-05 00:00:00,11.463,13.38,10.458,12.381,3127299.871
2021-01-06 00:00:00,12.402,13.3,11.461,12.129,1899386.033
2021-01-07 00:00:00,12.112,13.2,11.1,11.579,1700489.266
2021-01-08 00:00:00,11.594,12.885,9.8,11.804,2008319.15
2021-01-09 00:00:00,11.805,13.887,11.05,13.1,1838219.039
2021-01-10 00:00:00,13.1,14.8,12.197,14.116,2781331.399
2021-01-11 00:00:00,14.114,14.186,10.408,12.891,3106938.599
2021-01-12 00:00:00,12.889,16.0,12.17,14.888,4284927.462
2021-01-13 00:00:00,14.881,16.505,13.8,15.501,3961223.576
2021-01-14 00:00:00,15.51,16.0,14.046,14.711,2397410.925
2021-01-15 00:00:00,14.683,15.538,13.15,15.127,2527268.075
2021-01-16 00:00:00,15.128,17.15,14.933,15.56,2626903.821
2021-01-17 00:00:00,15.541,16.35,14.415,15.68,1580400.803
2021-01-18 00:00:00,15.676,15.758,14.85,15.582,1052776.609
2021-01-19 00:00:00,15.582,16.79,15.15,15.151,1611731.283
2021-01-20 00:00:00,15.15,15.8,13.764,15.734,1188542.663
2021-01-21 00:00:00,15.718,15.8,11.611,12.337,2010819.414
2021-01-22 00:00:00,12.317,15.13,11.263,14.228,1860102.538
2021-01-23 00:00:00,14.207,15.496,13.933,14.608,1133571.905
2021-01-24 00:00:00,14.608,17.835,14.439,17.5,2674480.342
2021-01-25 00:00:00,17.484,18.25,15.393,15.47,2284257.058
2021-01-26 00:00:00,15.47,17.23,14.766,16.875,1646278.378
2021-01-27 00:00:00,16.86,17.428,14.717,15.265,2302171.862
2021-01-28 00:00:00,15.266,17.961,14.849,16.892,1962708.346
2021-01-29 00:00:00,16.898,17.492,16.01,17.025,1851639.753
2021-01-30 00:00:00,17.024,18.66,16.389,17.859,1650599.08
2021-01-31 00:00:00,17.87,19.6,17.067,17.194,2041854.706
2021-02-01 00:00:00,17.197,17.902,16.817,17.54,1307827.299
2021-02-02 00:00:00,17.54,17.571,16.379,17.032,1520394.17
2021-02-03 00:00:00,17.057,18.002,16.81,17.129,1406055.769
2021-02-04 00:00:00,17.129,21.169,16.49,19.644,4055004.007
2021-02-05 00:00:00,19.661,23.687,19.518,23.61,3255593.738
2021-02-06 00:00:00,23.615,24.246,19.637,21.07,2472839.0
2021-02-07 00:00:00,21.027,21.491,17.888,20.051,1697833.474
2021-02-08 00:00:00,20.09,22.37,19.523,21.331,2053697.143
2021-02-09 00:00:00,21.32,27.4,20.8,24.618,3004137.585
2021-02-10 00:00:00,24.618,27.7,23.032,25.078,3048192.933
2021-02-11 00:00:00,25.084,26.825,24.35,26.086,1807251.363
2021-02-12 00:00:00,26.129,28.245,25.25,27.132,1673797.937
2021-02-13 00:00:00,27.142,28.1,24.621,26.353,1522103.949
2021-02-14 00:00:00,26.399,28.981,24.301,25.02,1695365.236
2021-02-15 00:00:00,25.049,26.91,21.0,24.597,1833928.527
2021-02-16 00:00:00,24.61,26.5,23.134,24.072,1526684.596
2021-02-17 00:00:00,24.074,24.525,22.221,24.255,1491465.462
2021-02-18 00:00:00,24.293,24.637,22.769,23.155,1145262.551
2021-02-19 00:00:00,23.184,23.6,21.418,22.292,1492736.79
2021-02-20 00:00:00,22.299,25.529,21.353,23.194,2328411.543
2021-02-21 00:00:00,23.154,23.697,22.181,22.828,1018199.018
2021-02-22 00:00:00,22.835,22.928,17.3,20.992,2036290.427
2021-02-23 00:00:00,21.008,21.17,13.9,18.158,3687284.891
2021-02-24 00:00:00,18.182,20.929,17.267,19.16,1563507.39
2021-02-25 00:00:00,19.153,21.979,18.134,18.309,1607047.3
2021-02-26 00:00:00,18.308,19.862,16.88,17.997,1545998.704
2021-02-27 00:00:00,18.018,20.41,17.943,18.784,1064422.951
2021-02-28 00:00:00,18.789,19.311,16.29,18.727,1222929.309
2021-03-01 00:00:00,18.719,21.147,18.718,20.671,1200912.697
2021-03-02 00:00:00,20.686,23.36,20.665,22.45,1682656.916
2021-03-03 00:00:00,22.459,24.068,22.095,22.538,890515.349
2021-03-04 00:00:00,22.556,24.39,21.123,21.473,1278868.028
2021-03-05 00:00:00,21.467,21.473,20.036,20.745,692329.622
2021-03-06 00:00:00,20.738,21.434,20.111,21.244,440190.427
2021-03-07 00:00:00,21.272,21.782,20.513,21.73,508532.936
2021-03-08 00:00:00,21.722,21.925,20.719,21.873,473308.0
2021-03-09 00:00:00,21.89,22.752,21.388,22.659,647455.566
2021-03-10 00:00:00,22.629,23.396,21.354,21.609,880572.92
2021-03-11 00:00:00,21.622,22.305,20.687,20.82,947264.162
2021-03-12 00:00:00,20.827,20.988,18.83,19.453,1210470.34
2021-03-13 00:00:00,19.471,20.864,18.805,20.469,697704.647
2021-03-14 00:00:00,20.488,20.579,19.185,19.395,707279.134
2021-03-15 00:00:00,19.393,19.98,18.202,18.919,677423.279
2021-03-16 00:00:00,18.919,19.147,18.117,18.727,579357.931
2021-03-17 00:00:00,18.73,19.297,17.819,19.203,628632.383
2021-03-18 00:00:00,19.22,19.442,18.511,18.552,557034.905
2021-03-19 00:00:00,18.567,20.412,18.175,19.871,639266.59
2021-03-20 00:00:00,19.855,21.471,19.763,19.792,861507.846
2021-03-21 00:00:00,19.814,20.081,19.086,19.523,550256.208
2021-03-22 00:00:00,19.521,20.022,17.747,18.027,736174.762
2021-03-23 00:00:00,18.024,18.328,17.221,17.422,737017.935
2021-03-24 00:00:00,17.422,18.255,15.528,16.095,948962.228
2021-03-25 00:00:00,16.107,17.067,15.419,16.12,838480.379
2021-03-26 00:00:00,16.119,17.6,16.088,17.469,542004.224
2021-03-27 00:00:00,17.479,17.645,16.713,17.136,512313.371
2021-03-28 00:00:00,17.134,17.312,16.374,16.469,594852.669
2021-03-29 00:00:00,16.469,17.834,16.289,17.78,763146.353
2021-03-30 00:00:00,17.791,18.0,17.26,17.533,540118.882
2021-03-31 00:00:00,17.547,17.89,16.548,17.658,736177.388
2021-04-01 00:00:00,17.653,19.368,17.588,19.179,1231589.357
2021-04-02 00:00:00,19.179,21.46,18.77,21.415,1572042.242
2021-04-03 00:00:00,21.429,21.64,19.0,19.27,996112.328
2021-04-04 00:00:00,19.271,21.39,19.0,20.648,746160.76
2021-04-05 00:00:00,20.648,21.141,19.642,20.738,755351.431
2021-04-06 00:00:00,20.73,22.434,20.627,22.056,1187831.47
2021-04-07 00:00:00,22.058,22.322,18.609,19.394,1259848.625
2021-04-08 00:00:00,19.394,20.151,18.984,19.901,621827.658
2021-04-09 00:00:00,19.911,20.404,19.114,19.421,553692.691
2021-04-10 00:00:00,19.422,19.999,18.58,18.994,653855.298
2021-04-11 00:00:00,18.993,19.318,18.303,18.989,659689.911
2021-04-12 00:00:00,18.979,19.963,18.5,19.591,1023059.523
2021-04-13 00:00:00,19.592,20.2,18.97,19.115,889667.421
2021-04-14 00:00:00,19.124,21.876,18.668,20.023,1984370.508
2021-04-15 00:00:00,20.012,22.61,19.921,22.025,1851581.596
2021-04-16 00:00:00,22.032,23.122,20.017,20.851,1667255.636
2021-04-17 00:00:00,20.883,21.956,20.209,20.224,987364.844
2021-04-18 00:00:00,20.237,20.404,14.795,18.014,2136872.367
2021-04-19 00:00:00,18.004,18.288,15.69,15.981,1344574.845
2021-04-20 00:00:00,15.992,17.737,14.7,16.818,1279546.42
2021-04-21 00:00:00,16.8,17.1,15.578,15.859,1296260.499
2021-04-22 00:00:00,15.862,17.776,15.0,15.289,1680297.462
2021-04-23 00:00:00,15.286,15.64,12.991,14.877,2029762.37
2021-04-24 00:00:00,14.894,14.914,13.453,13.733,727998.585
2021-04-25 00:00:00,13.747,14.8,13.255,14.127,573817.078
2021-04-26 00:00:00,14.128,16.174,13.974,16.118,1009789.709
2021-04-27 00:00:00,16.12,17.228,15.696,17.12,961270.999
2021-04-28 00:00:00,17.12,17.393,15.933,16.818,871275.391
2021-04-29 00:00:00,16.839,17.85,16.465,17.703,1038995.16
2021-04-30 00:00:00,17.7,18.5,17.361,18.197,921843.618
2021-05-01 00:00:00,18.187,18.61,17.618,18.17,804756.731
2021-05-02 00:00:00,18.178,18.31,16.813,17.332,978431.98
2021-05-03 00:00:00,17.332,19.25,17.229,18.869,1893508.223
2021-05-04 00:00:00,18.863,18.868,16.194,16.47,1580478.206
2021-05-05 00:00:00,16.472,17.92,16.267,17.677,1051345.903
2021-05-06 00:00:00,17.676,18.846,17.01,18.427,2015882.093
2021-05-07 00:00:00,18.427,20.518,17.7,18.772,3575488.595
2021-05-08 00:00:00,18.766,19.142,18.117,18.402,1249732.033
2021-05-09 00:00:00,18.405,18.552,17.1,17.804,1042949.019
2021-05-10 00:00:00,17.796,18.279,15.181,16.257,1442140.809
2021-05-11 00:00:00,16.248,19.0,15.815,18.398,1315014.253
2021-05-12 00:00:00,18.398,21.8,17.4,17.995,7637651.898
2021-05-13 00:00:00,17.933,23.142,16.144,18.494,9201914.136
2021-05-14 00:00:00,18.484,22.15,18.269,21.162,5565301.241
2021-05-15 00:00:00,21.15,22.9,19.041,19.216,3538184.854
2021-05-16 00:00:00,19.226,20.628,17.235,18.862,2144554.588
2021-05-17 00:00:00,18.86,21.123,16.6,20.482,4654373.146
2021-05-18 00:00:00,20.452,25.837,20.209,23.352,6917240.861
2021-05-19 00:00:00,23.381,24.05,10.664,14.301,7577436.757
2021-05-20 00:00:00,14.356,18.43,12.823,16.184,3833108.574
2021-05-21 00:00:00,16.186,19.748,13.401,16.38,6916995.863
2021-05-22 00:00:00,16.38,17.64,13.5,14.924,4767133.569
2021-05-23 00:00:00,14.94,15.51,9.4,11.742,4643354.356
2021-05-24 00:00:00,11.756,14.567,11.507,13.903,2499904.768
2021-05-25 00:00:00,13.89,14.652,11.982,13.628,1834456.231
2021-05-26 00:00:00,13.626,15.101,13.396,14.568,1379266.074
2021-05-27 00:00:00,14.556,14.576,12.88,13.346,978653.589
2021-05-28 00:00:00,13.351,13.522,11.065,11.954,1355753.098
2021-05-29 00:00:00,11.952,12.532,10.392,10.901,968871.506
2021-05-30 00:00:00,10.917,12.44,10.274,11.753,849448.052
2021-05-31 00:00:00,11.753,13.33,11.174,13.316,1059227.685
2021-06-01 00:00:00,13.312,13.456,12.12,12.689,756561.365
2021-06-02 00:00:00,12.687,13.45,12.152,12.824,668981.931
2021-06-03 00:00:00,12.822,14.089,12.603,13.546,1209124.552
2021-06-04 00:00:00,13.545,13.584,11.603,12.215,1015943.785
2021-06-05 00:00:00,12.2,13.031,11.355,11.641,761508.227
2021-06-06 00:00:00,11.641,12.183,11.493,11.913,524636.569
2021-06-07 00:00:00,11.905,12.331,10.724,10.821,827061.179
2021-06-08 00:00:00,10.81,11.022,9.443,10.4,1489393.422
2021-06-09 00:00:00,10.411,10.976,9.874,10.891,1166229.295
2021-06-10 00:00:00,10.902,10.97,9.834,9.925,923786.992
2021-06-11 00:00:00,9.935,10.06,8.536,8.643,5474364.121
2021-06-12 00:00:00,8.647,8.758,7.91,8.471,1783343.95
2021-06-13 00:00:00,8.468,9.188,8.113,9.137,1318168.87
2021-06-14 00:00:00,9.134,10.095,8.668,10.084,1936843.331
2021-06-15 00:00:00,10.089,10.461,9.528,9.725,1717359.643
2021-06-16 00:00:00,9.723,9.928,8.888,9.068,1132103.937
2021-06-17 00:00:00,9.067,9.51,8.716,9.011,819471.418
2021-06-18 00:00:00,9.011,9.024,7.913,8.317,1095004.305
2021-06-19 00:00:00,8.316,8.626,8.054,8.082,802008.865
2021-06-20 00:00:00,8.078,8.654,7.749,8.47,1223122.361
2021-06-21 00:00:00,8.47,8.536,6.479,6.55,2145257.354
2021-06-22 00:00:00,6.548,6.998,5.55,6.343,2592904.737
2021-06-23 00:00:00,6.341,7.138,6.082,6.652,1207982.107
2021-06-24 00:00:00,6.657,6.92,6.297,6.612,1310364.284
2021-06-25 00:00:00,6.615,6.72,5.694,5.807,2031181.94
2021-06-26 00:00:00,5.808,6.022,5.558,5.956,1163520.532
2021-06-27 00:00:00,5.957,6.42,5.816,6.42,942406.35
2021-06-28 00:00:00,6.417,7.147,6.324,7.013,1188664.636
2021-06-29 00:00:00,7.017,7.465,6.983,7.201,1355498.909
2021-06-30 00:00:00,7.202,7.365,6.651,7.348,966443.65
2021-07-01 00:00:00,7.343,7.353,6.638,6.831,798709.136
2021-07-02 00:00:00,6.829,6.948,6.419,6.915,555871.339
2021-07-03 00:00:00,6.911,7.5,6.764,7.287,755385.927
2021-07-04 00:00:00,7.288,8.962,7.011,8.598,2455817.659
2021-07-05 00:00:00,8.598,11.499,8.37,10.599,11039477.531
2021-07-06 00:00:00,10.605,12.746,10.363,11.194,9844685.759
2021-07-07 00:00:00,11.184,11.858,10.663,10.771,3327818.02
2021-07-08 00:00:00,10.767,10.767,9.395,9.611,2620445.845
2021-07-09 00:00:00,9.619,12.13,9.173,11.472,7072411.398
2021-07-10 00:00:00,11.478,11.957,10.491,11.039,2813303.732
2021-07-11 00:00:00,11.051,12.89,10.768,12.425,4545746.76
2021-07-12 00:00:00,12.424,13.65,12.039,12.097,5579603.759
2021-07-13 00:00:00,12.092,12.238,10.791,10.997,4533783.16
2021-07-14 00:00:00,10.992,11.118,10.012,10.454,4734085.161
2021-07-15 00:00:00,10.446,10.807,9.43,9.582,3444540.945
2021-07-16 00:00:00,9.589,10.234,8.841,8.904,2446675.884
2021-07-17 00:00:00,8.903,9.223,8.671,8.846,1343301.509
2021-07-18 00:00:00,8.842,9.499,8.824,8.881,1421139.969
2021-07-19 00:00:00,8.879,8.929,8.06,8.189,1516714.961
2021-07-20 00:00:00,8.19,8.32,7.25,7.548,1686780.908
2021-07-21 00:00:00,7.555,8.611,7.142,8.485,3521539.154
2021-07-22 00:00:00,8.485,8.95,8.218,8.52,2305215.307
2021-07-23 00:00:00,8.527,8.958,8.075,8.744,1754556.882
2021-07-24 00:00:00,8.744,8.788,8.345,8.615,1875084.95
2021-07-25 00:00:00,8.618,8.644,8.015,8.381,1073567.155
2021-07-26 00:00:00,8.381,10.471,8.344,9.334,4780598.332
2021-07-27 00:00:00,9.327,9.853,8.778,9.35,3070022.628
2021-07-28 00:00:00,9.348,9.473,8.916,9.105,1692514.86
2021-07-29 00:00:00,9.111,10.212,8.843,9.983,2217181.402
2021-07-30 00:00:00,9.978,10.248,8.968,9.595,2570431.279
2021-07-31 00:00:00,9.595,10.23,9.451,10.138,2928314.572
2021-08-01 00:00:00,10.137,10.41,9.316,9.454,2083190.234
2021-08-02 00:00:00,9.448,9.849,9.264,9.49,1618239.227
2021-08-03 00:00:00,9.493,9.583,8.824,9.051,1802110.358
2021-08-04 00:00:00,9.051,9.799,8.909,9.653,1543654.027
2021-08-05 00:00:00,9.653,10.88,9.349,10.522,4624843.351
2021-08-06 00:00:00,10.53,10.67,9.959,10.185,3435697.443
2021-08-07 00:00:00,10.184,11.1,10.044,10.574,3409604.232
2021-08-08 00:00:00,10.579,10.8,9.46,9.691,2934407.626
2021-08-09 00:00:00,9.685,10.335,9.302,10.154,1940189.276
2021-08-10 00:00:00,10.159,10.564,9.797,10.268,2137801.474
2021-08-11 00:00:00,10.269,11.503,10.155,10.655,3612706.146
2021-08-12 00:00:00,10.656,11.178,9.983,10.413,2401062.893
2021-08-13 00:00:00,10.416,12.179,10.286,12.096,2675439.957
2021-08-14 00:00:00,12.096,13.2,11.674,12.998,2971078.452
2021-08-15 00:00:00,12.992,13.49,11.981,12.848,1917780.869
2021-08-16 00:00:00,12.849,13.363,11.982,12.125,2040397.387
2021-08-17 00:00:00,12.127,13.109,11.117,11.253,2002172.103
2021-08-18 00:00:00,11.251,11.895,10.759,11.324,2066426.0
2021-08-19 00:00:00,11.337,12.504,11.032,12.399,2307342.578
2021-08-20 00:00:00,12.399,13.0,12.125,12.59,1950568.388
2021-08-21 00:00:00,12.592,14.533,12.292,13.064,3987068.012
2021-08-22 00:00:00,13.062,13.92,12.726,13.514,2210868.64
2021-08-23 00:00:00,13.519,14.35,13.3,13.627,2091932.105
2021-08-24 00:00:00,13.63,13.841,12.074,12.207,2308110.483
2021-08-25 00:00:00,12.208,12.773,11.75,12.421,1814986.192
2021-08-26 00:00:00,12.412,12.625,11.129,11.415,1784080.979
2021-08-27 00:00:00,11.427,12.324,11.053,12.238,1693264.081
2021-08-28 00:00:00,12.235,12.4,11.812,11.99,1222938.237
2021-08-29 00:00:00,11.988,12.169,11.271,11.647,2332868.3
2021-08-30 00:00:00,11.647,11.959,10.942,11.106,1983694.292
2021-08-31 00:00:00,11.102,11.879,10.905,11.573,1918390.598
2021-09-01 00:00:00,11.57,12.53,11.295,12.51,2291494.894
2021-09-02 00:00:00,12.508,13.0,12.114,12.53,2487195.281
2021-09-03 00:00:00,12.532,12.928,12.078,12.442,1843154.3
2021-09-04 00:00:00,12.453,12.908,12.24,12.369,1708582.4
2021-09-05 00:00:00,12.373,13.12,12.203,12.933,2204939.183
2021-09-06 00:00:00,12.936,13.92,12.4,13.574,3603304.918
2021-09-07 00:00:00,13.57,14.3,9.0,10.746,6242731.067
2021-09-08 00:00:00,10.75,11.347,9.865,11.073,3045676.7
2021-09-09 00:00:00,11.083,11.579,10.767,11.333,1509476.7
2021-09-10 00:00:00,11.335,11.853,10.208,10.561,1650074.4
2021-09-11 00:00:00,10.56,11.075,10.474,10.826,794031.4
2021-09-12 00:00:00,10.826,11.443,10.575,10.947,877546.5
2021-09-13 00:00:00,10.948,12.942,10.057,12.854,3311616.6
2021-09-14 00:00:00,12.862,13.983,12.194,13.819,5249648.4
2021-09-15 00:00:00,13.818,15.354,13.05,15.015,5000412.811
2021-09-16 00:00:00,15.015,15.85,13.85,14.62,4245986.973
2021-09-17 00:00:00,14.614,14.96,12.439,12.782,4139611.5
2021-09-18 00:00:00,12.784,13.599,12.35,12.586,2459330.3
2021-09-19 00:00:00,12.578,13.35,12.01,12.825,2395865.4
2021-09-20 00:00:00,12.826,12.884,10.074,10.64,3816518.0
2021-09-21 00:00:00,10.639,11.059,9.241,9.518,2441863.3
2021-09-22 00:00:00,9.524,10.989,9.335,10.921,1856659.0
2021-09-23 00:00:00,10.92,12.106,10.633,11.737,1914599.1
2021-09-24 00:00:00,11.738,11.793,9.763,10.507,2184462.8
2021-09-25 00:00:00,10.505,10.691,9.97,10.177,1143979.4
2021-09-26 00:00:00,10.171,10.736,9.25,10.466,2084583.9
2021-09-27 00:00:00,10.452,11.149,9.79,9.832,1625957.5
2021-09-28 00:00:00,9.827,10.062,9.224,9.307,1188912.2
2021-09-29 00:00:00,9.31,9.91,9.14,9.281,987975.2
2021-09-30 00:00:00,9.282,9.759,9.253,9.6,1362529.4
2021-10-01 00:00:00,9.603,10.5,9.522,10.49,1515849.4
2021-10-02 00:00:00,10.491,11.474,10.281,10.767,1699816.7
2021-10-03 00:00:00,10.773,11.239,10.5,10.684,1236100.7
2021-10-04 00:00:00,10.694,10.73,10.072,10.277,1372777.3
2021-10-05 00:00:00,10.28,10.65,10.006,10.5,2301267.9
2021-10-06 00:00:00,10.506,10.519,9.623,10.249,1535609.4
2021-10-07 00:00:00,10.258,10.439,9.906,10.287,1751487.5
2021-10-08 00:00:00,10.289,10.472,9.972,10.069,1958022.6
2021-10-09 00:00:00,10.069,10.412,9.911,10.2,1571336.5
2021-10-10 00:00:00,10.2,10.33,9.557,9.595,1323615.6
2021-10-11 00:00:00,9.593,10.044,9.314,9.575,1356615.6
2021-10-12 00:00:00,9.58,9.586,8.876,9.217,1572195.23
2021-10-13 00:00:00,9.224,9.43,9.058,9.397,1208063.1
2021-10-14 00:00:00,9.401,10.02,9.351,9.98,1348508.2
2021-10-15 00:00:00,9.981,10.342,9.587,9.749,2012880.2
2021-10-16 00:00:00,9.75,10.114,9.67,9.776,1180090.7
2021-10-17 00:00:00,9.782,9.945,9.209,9.561,896989.1
2021-10-18 00:00:00,9.561,9.677,9.233,9.407,898907.9
2021-10-19 00:00:00,9.404,9.536,9.201,9.398,942470.8
2021-10-20 00:00:00,9.397,10.054,9.316,9.952,1357137.6
2021-10-21 00:00:00,9.95,10.126,9.4,9.462,1595802.1
2021-10-22 00:00:00,9.465,9.868,9.398,9.646,1203406.3
2021-10-23 00:00:00,9.645,10.169,9.605,9.925,1730699.3
2021-10-24 00:00:00,9.921,10.037,9.259,9.431,1313132.8
2021-10-25 00:00:00,9.434,9.872,9.406,9.868,868751.9
2021-10-26 00:00:00,9.866,10.98,9.803,10.345,3657491.9
2021-10-27 00:00:00,10.345,11.175,8.75,9.263,4496493.564
2021-10-28 00:00:00,9.267,9.934,9.182,9.699,1757836.1
2021-10-29 00:00:00,9.697,10.683,9.637,10.356,2057908.0
2021-10-30 00:00:00,10.35,10.432,9.694,9.869,1746997.6
2021-10-31 00:00:00,9.866,10.204,9.469,10.14,2447940.7
2021-11-01 00:00:00,10.139,10.815,9.641,10.312,2753088.1
2021-11-02 00:00:00,10.306,10.652,10.204,10.441,1408528.8
2021-11-03 00:00:00,10.443,11.8,10.309,11.25,4373791.3
2021-11-04 00:00:00,11.258,11.275,10.318,10.648,1885360.6
2021-11-05 00:00:00,10.642,10.695,10.168,10.374,1342887.2
2021-11-06 00:00:00,10.371,10.451,9.7,10.134,1267178.0
2021-11-07 00:00:00,10.135,10.701,10.067,10.477,1494319.9
2021-11-08 00:00:00,10.48,10.555,10.272,10.484,1384856.8
2021-11-09 00:00:00,10.484,10.959,10.4,10.673,1679394.7
2021-11-10 00:00:00,10.676,10.97,8.76,9.583,2555556.7
2021-11-11 00:00:00,9.586,10.2,9.458,9.889,1801737.3
2021-11-12 00:00:00,9.885,10.129,9.245,9.561,1725784.3
2021-11-13 00:00:00,9.558,10.052,9.423,9.805,1459877.8
2021-11-14 00:00:00,9.808,10.632,9.8,10.011,2617796.8
2021-11-15 00:00:00,10.011,10.176,9.5,9.595,2103772.0
2021-11-16 00:00:00,9.588,9.594,8.186,8.808,2306266.003
2021-11-17 00:00:00,8.811,9.021,8.448,8.955,1270527.9
2021-11-18 00:00:00,8.95,9.1,8.011,8.197,1400645.969
2021-11-19 00:00:00,8.19,8.834,8.011,8.645,952525.6
2021-11-20 00:00:00,8.647,9.05,8.484,8.842,1147401.1
2021-11-21 00:00:00,8.843,8.86,8.539,8.571,1111959.2
2021-11-22 00:00:00,8.574,8.596,8.014,8.172,1249283.0
2021-11-23 00:00:00,8.17,8.293,7.776,8.268,2440064.166
2021-11-24 00:00:00,8.271,8.333,7.754,7.872,2057440.8
2021-11-25 00:00:00,7.871,8.235,7.779,8.072,1877935.9
2021-11-26 00:00:00,8.071,8.23,7.103,7.448,2564127.671
2021-11-27 00:00:00,7.445,7.899,7.405,7.702,1293647.1
2021-11-28 00:00:00,7.696,7.737,7.084,7.635,1168304.522
2021-11-29 00:00:00,7.629,8.0,7.465,7.902,1374915.4
2021-11-30 00:00:00,7.896,8.0,7.51,7.652,1604876.1
2021-12-01 00:00:00,7.66,7.766,7.27,7.396,1577326.8
2021-12-02 00:00:00,7.39,7.399,7.1,7.242,1495745.9
2021-12-03 00:00:00,7.242,7.699,6.729,6.97,2090885.863
2021-12-04 00:00:00,6.956,6.962,4.4,6.215,5290021.76
2021-12-05 00:00:00,6.216,6.37,5.627,5.857,2287163.7
2021-12-06 00:00:00,5.857,6.071,5.33,6.014,2292659.3
2021-12-07 00:00:00,6.011,6.11,5.763,5.88,1780184.0
2021-12-08 00:00:00,5.882,6.26,5.647,6.255,2342165.7
2021-12-09 00:00:00,6.254,6.302,5.54,5.547,2145654.8
2021-12-10 00:00:00,5.547,5.868,5.267,5.302,1627404.1
2021-12-11 00:00:00,5.297,5.683,5.205,5.664,1275522.7
2021-12-12 00:00:00,5.668,5.788,5.224,5.525,2510599.7
2021-12-13 00:00:00,5.524,5.571,4.753,4.905,2436810.8
2021-12-14 00:00:00,4.906,5.179,4.811,5.071,1926903.2
2021-12-15 00:00:00,5.069,5.32,4.774,5.205,2221615.7
2021-12-16 00:00:00,5.209,5.297,5.015,5.038,1481395.8
2021-12-17 00:00:00,5.039,5.118,4.749,5.099,2459438.6
2021-12-18 00:00:00,5.099,5.527,4.999,5.19,3397043.8
2021-12-19 00:00:00,5.189,5.5,5.115,5.201,1731404.2
2021-12-20 00:00:00,5.201,5.212,4.802,5.114,1848740.4
2021-12-21 00:00:00,5.116,5.4,5.078,5.353,1433908.1
2021-12-22 00:00:00,5.354,5.796,5.277,5.52,2429882.2
2021-12-23 00:00:00,5.522,6.262,5.441,6.082,3559145.6
2021-12-24 00:00:00,6.082,6.334,5.65,5.721,2815104.7
2021-12-25 00:00:00,5.722,5.92,5.68,5.878,1665331.1
2021-12-26 00:00:00,5.877,6.458,5.542,6.231,3374230.0
2021-12-27 00:00:00,6.237,6.81,6.158,6.444,3325921.6
2021-12-28 00:00:00,6.438,6.446,5.741,5.842,3984317.5
2021-12-29 00:00:00,5.845,6.08,5.37,5.447,3332501.7
2021-12-30 00:00:00,5.448,5.62,5.281,5.55,1779866.2
2021-12-31 00:00:00,5.545,5.814,5.338,5.485,1971216.8
2022-01-01 00:00:00,5.489,6.024,5.485,5.981,1720983.5
2022-01-02 00:00:00,5.981,6.329,5.856,6.237,2163613.2
2022-01-03 00:00:00,6.233,7.2,6.107,7.173,5932225.3
2022-01-04 00:00:00,7.176,7.336,6.559,6.593,6293988.7
2022-01-05 00:00:00,6.592,7.46,5.95,6.373,7308593.5
2022-01-06 00:00:00,6.364,6.425,5.833,5.953,4057097.4
2022-01-07 00:00:00,5.956,5.983,5.253,5.402,3440656.3
2022-01-08 00:00:00,5.405,5.608,4.907,5.023,2498282.5
2022-01-09 00:00:00,5.019,5.267,4.967,5.094,2195099.5
2022-01-10 00:00:00,5.096,5.162,4.605,4.87,2380372.7
2022-01-11 00:00:00,4.873,5.119,4.821,5.086,1394075.9
2022-01-12 00:00:00,5.086,5.484,5.046,5.436,1272950.5
2022-01-13 00:00:00,5.431,5.513,5.061,5.083,1696736.1
2022-01-14 00:00:00,5.082,5.254,4.921,5.215,922426.8
2022-01-15 00:00:00,5.215,5.407,5.198,5.274,1033581.4
2022-01-16 00:00:00,5.275,5.443,5.174,5.381,965245.7
2022-01-17 00:00:00,5.377,5.457,4.911,4.976,1421409.6
2022-01-18 00:00:00,4.978,5.363,4.801,5.014,2251893.8
2022-01-19 00:00:00,5.012,5.041,4.84,4.891,1901939.2
2022-01-20 00:00:00,4.897,5.091,4.705,4.793,1711717.4
2022-01-21 00:00:00,4.782,4.85,4.059,4.175,3549609.411
2022-01-22 00:00:00,4.173,4.253,3.504,3.773,3167316.0
2022-01-23 00:00:00,3.771,4.005,3.684,3.937,1338012.7
2022-01-24 00:00:00,3.929,4.259,3.512,4.221,3612759.9
2022-01-25 00:00:00,4.215,4.369,4.012,4.285,1715344.3
2022-01-26 00:00:00,4.288,4.868,4.242,4.624,2682702.5
2022-01-27 00:00:00,4.628,4.997,4.381,4.567,2449523.3
2022-01-28 00:00:00,4.563,4.72,4.431,4.562,1420164.3
2022-01-29 00:00:00,4.565,5.487,4.549,5.4,2333361.5
2022-01-30 00:00:00,5.404,5.55,5.11,5.253,2370709.8
2022-01-31 00:00:00,5.25,5.789,5.022,5.732,2835572.2
2022-02-01 00:00:00,5.733,5.739,5.346,5.37,1726355.3
2022-02-02 00:00:00,5.369,5.996,5.274,5.318,4300819.3
2022-02-03 00:00:00,5.326,5.428,4.921,5.085,2496035.1
2022-02-04 00:00:00,5.083,5.551,4.941,5.528,2313728.5
2022-02-05 00:00:00,5.527,6.033,5.496,5.749,2187832.9
2022-02-06 00:00:00,5.752,5.889,5.513,5.802,1354447.8
2022-02-07 00:00:00,5.802,5.98,5.606,5.912,1733903.7
2022-02-08 00:00:00,5.912,6.07,5.342,5.526,2073727.6
2022-02-09 00:00:00,5.529,5.9,5.358,5.833,1341457.0
2022-02-10 00:00:00,5.835,5.852,5.213,5.229,1670396.6
2022-02-11 00:00:00,5.229,5.365,4.734,4.892,1414259.6
2022-02-12 00:00:00,4.892,5.072,4.691,4.894,1193046.0
2022-02-13 00:00:00,4.894,4.96,4.451,4.461,1550264.0
2022-02-14 00:00:00,4.461,4.63,4.339,4.579,1243067.3
2022-02-15 00:00:00,4.581,5.09,4.572,5.087,1650299.9
2022-02-16 00:00:00,5.089,5.134,4.809,4.902,1484195.0
2022-02-17 00:00:00,4.9,4.984,4.526,4.596,1780022.3
2022-02-18 00:00:00,4.59,4.75,4.321,4.364,840841.5
2022-02-19 00:00:00,4.363,4.457,4.191,4.369,565055.1
2022-02-20 00:00:00,4.37,4.37,3.953,4.063,1209721.1
2022-02-21 00:00:00,4.066,4.268,3.712,3.729,1913601.3
2022-02-22 00:00:00,3.73,4.019,3.614,4.002,2041887.8
2022-02-23 00:00:00,4.002,4.167,3.73,3.748,1326367.4
2022-02-24 00:00:00,3.745,3.962,3.321,3.934,3229470.625
2022-02-25 00:00:00,3.935,4.113,3.882,4.015,2444945.3
2022-02-26 00:00:00,4.018,4.175,3.839,3.872,1554761.8
2022-02-27 00:00:00,3.873,4.114,3.651,3.735,1883270.8
2022-02-28 00:00:00,3.737,4.161,3.628,4.153,1464902.6
2022-03-01 00:00:00,4.154,4.325,4.031,4.177,1600089.1
2022-03-02 00:00:00,4.176,4.211,3.941,3.972,1619190.0
2022-03-03 00:00:00,3.97,4.016,3.733,3.812,1249578.8
2022-03-04 00:00:00,3.811,3.814,3.554,3.621,1120816.6
2022-03-05 00:00:00,3.62,3.925,3.516,3.862,2702909.4
2022-03-06 00:00:00,3.863,3.903,3.54,3.553,1364786.2
2022-03-07 00:00:00,3.554,3.782,3.456,3.615,2163940.5
2022-03-08 00:00:00,3.615,3.98,3.584,3.914,2873066.2
2022-03-09 00:00:00,3.914,4.845,3.891,4.729,4903734.4
2022-03-10 00:00:00,4.728,4.907,4.372,4.473,4863549.0
2022-03-11 00:00:00,4.468,4.88,4.082,4.168,3045706.2
2022-03-12 00:00:00,4.164,4.374,4.109,4.181,1628336.3
2022-03-13 00:00:00,4.178,4.291,3.843,3.902,1536167.7
2022-03-14 00:00:00,3.901,4.029,3.87,3.965,1469089.2
2022-03-15 00:00:00,3.964,4.097,3.792,3.942,1876581.4
2022-03-16 00:00:00,3.943,4.34,3.864,4.214,1944232.4
2022-03-17 00:00:00,4.212,4.69,4.151,4.395,3234232.6
2022-03-18 00:00:00,4.395,5.239,4.339,5.022,5368077.8
2022-03-19 00:00:00,5.023,5.64,5.009,5.17,5508010.9
2022-03-20 00:00:00,5.167,5.499,4.904,5.215,3849945.1
2022-03-21 00:00:00,5.214,5.374,4.947,4.971,2985897.4
2022-03-22 00:00:00,4.966,5.384,4.92,5.17,2498420.8
2022-03-23 00:00:00,5.171,5.386,4.985,5.373,2979040.1
2022-03-24 00:00:00,5.375,5.536,5.143,5.28,3036731.6
2022-03-25 00:00:00,5.278,5.43,4.966,5.052,2441774.2
2022-03-26 00:00:00,5.053,5.27,5.009,5.116,1441985.8
2022-03-27 00:00:00,5.117,5.433,5.105,5.414,2142852.2
2022-03-28 00:00:00,5.414,5.77,5.245,5.357,3236200.5
2022-03-29 00:00:00,5.357,5.948,5.334,5.711,3182852.8
2022-03-30 00:00:00,5.71,6.719,5.665,6.636,5237299.0
2022-03-31 00:00:00,6.636,7.261,6.546,6.81,6280987.8
2022-04-01 00:00:00,6.815,8.19,6.62,7.713,7829947.2
2022-04-02 00:00:00,7.713,7.798,7.071,7.198,3923642.6
2022-04-03 00:00:00,7.202,7.467,7.024,7.313,2239830.7
2022-04-04 00:00:00,7.314,7.415,6.66,6.957,2937920.4
2022-04-05 00:00:00,6.957,7.003,6.095,6.13,2608392.6
2022-04-06 00:00:00,6.13,6.147,5.361,5.384,3482929.3
2022-04-07 00:00:00,5.38,5.85,5.269,5.68,1956846.0
2022-04-08 00:00:00,5.67,5.804,5.163,5.223,1888068.2
2022-04-09 00:00:00,5.214,5.451,5.145,5.415,1253746.7
2022-04-10 00:00:00,5.417,5.436,5.076,5.086,981723.2
2022-04-11 00:00:00,5.088,5.139,4.438,4.5,1401764.3
2022-04-12 00:00:00,4.499,5.076,4.454,4.95,2323082.7
2022-04-13 00:00:00,4.954,5.2,4.833,5.156,1982380.8
2022-04-14 00:00:00,5.155,5.624,5.111,5.197,3407208.3
2022-04-15 00:00:00,5.195,5.782,5.167,5.364,2987197.4
2022-04-16 00:00:00,5.366,5.551,5.172,5.214,1331715.9
2022-04-17 00:00:00,5.213,5.555,4.981,4.992,1326045.3
2022-04-18 00:00:00,4.993,5.423,4.755,5.174,1423018.5
2022-04-19 00:00:00,5.175,6.348,5.071,6.179,4131717.4
2022-04-20 00:00:00,6.179,7.2,5.969,6.615,8788129.6
2022-04-21 00:00:00,6.614,6.929,5.851,5.871,3976253.3
2022-04-22 00:00:00,5.872,6.032,5.417,5.482,2648936.9
2022-04-23 00:00:00,5.481,5.92,5.374,5.818,2812713.3
2022-04-24 00:00:00,5.821,6.21,5.606,5.88,4388550.0
2022-04-25 00:00:00,5.88,6.241,5.29,6.166,3360808.4
2022-04-26 00:00:00,6.165,6.78,5.367,5.409,8659949.4
2022-04-27 00:00:00,5.406,6.038,5.394,5.859,3996435.7
2022-04-28 00:00:00,5.86,5.864,5.459,5.535,2296900.8
2022-04-29 00:00:00,5.531,5.774,4.905,4.987,2381839.5
2022-04-30 00:00:00,4.99,5.138,4.229,4.372,2696949.7
2022-05-01 00:00:00,4.372,4.909,4.274,4.824,2719521.1
2022-05-02 00:00:00,4.819,4.896,4.382,4.725,1812282.8
2022-05-03 00:00:00,4.727,4.97,4.508,4.641,1817197.8
2022-05-04 00:00:00,4.641,5.091,4.598,5.075,1842434.0
2022-05-05 00:00:00,5.078,5.5,4.251,4.535,3061281.2
2022-05-06 00:00:00,4.533,4.77,4.307,4.596,2949486.8
2022-05-07 00:00:00,4.595,4.759,4.245,4.324,2650625.4
2022-05-08 00:00:00,4.325,4.387,4.171,4.214,1940186.1
2022-05-09 00:00:00,4.218,4.368,3.195,3.242,5429382.6
2022-05-10 00:00:00,3.241,3.783,3.124,3.285,5805373.3
2022-05-11 00:00:00,3.283,3.418,2.291,2.511,6799652.566
2022-05-12 00:00:00,2.51,2.638,2.177,2.493,6154822.4
2022-05-13 00:00:00,2.492,3.002,2.365,2.61,3753323.6
2022-05-14 00:00:00,2.61,2.776,2.396,2.757,2191103.3
2022-05-15 00:00:00,2.757,3.062,2.593,3.059,2552653.8
2022-05-16 00:00:00,3.059,3.105,2.661,2.727,3534923.9
2022-05-17 00:00:00,2.727,2.998,2.642,2.888,3216511.3
2022-05-18 00:00:00,2.891,2.928,2.465,2.496,2961583.4
2022-05-19 00:00:00,2.497,2.735,2.348,2.68,2302197.1
2022-05-20 00:00:00,2.681,2.782,2.467,2.533,2010203.5
2022-05-21 00:00:00,2.532,2.666,2.481,2.594,1897481.4
2022-05-22 00:00:00,2.595,2.815,2.573,2.727,2096533.9
2022-05-23 00:00:00,2.725,2.919,2.558,2.591,4143812.1
2022-05-24 00:00:00,2.591,2.809,2.485,2.625,4818055.3
2022-05-25 00:00:00,2.624,2.79,2.511,2.553,2867834.0
2022-05-26 00:00:00,2.554,2.675,2.34,2.393,3472432.1
2022-05-27 00:00:00,2.391,2.513,2.312,2.458,4190686.0
2022-05-28 00:00:00,2.46,2.541,2.39,2.483,1965115.8
2022-05-29 00:00:00,2.483,2.66,2.426,2.6,2254584.2
2022-05-30 00:00:00,2.606,3.4,2.566,3.351,4167815.3
2022-05-31 00:00:00,3.351,3.444,3.004,3.125,5179748.0
2022-06-01 00:00:00,3.127,3.35,2.828,2.854,2639121.9
2022-06-02 00:00:00,2.853,3.115,2.765,3.02,2295077.8
2022-06-03 00:00:00,3.021,3.023,2.673,2.722,2533654.5
2022-06-04 00:00:00,2.723,2.731,2.584,2.684,1292375.4
2022-06-05 00:00:00,2.685,2.773,2.546,2.61,3221222.4
2022-06-06 00:00:00,2.609,2.91,2.592,2.777,1916383.8
2022-06-07 00:00:00,2.778,2.795,2.506,2.72,3972337.4
2022-06-08 00:00:00,2.721,2.791,2.561,2.638,1857277.5
2022-06-09 00:00:00,2.639,2.792,2.595,2.695,1368903.7
2022-06-10 00:00:00,2.697,2.741,2.439,2.451,1488000.7
2022-06-11 00:00:00,2.454,2.545,2.27,2.332,1530798.6
2022-06-12 00:00:00,2.327,2.357,2.185,2.22,2298197.5
2022-06-13 00:00:00,2.22,2.273,1.75,1.912,4771998.451
2022-06-14 00:00:00,1.91,1.95,1.686,1.857,2497062.3
2022-06-15 00:00:00,1.855,1.989,1.628,1.955,1768716.8
2022-06-16 00:00:00,1.955,2.019,1.714,1.747,1399152.9
2022-06-17 00:00:00,1.747,1.808,1.701,1.717,1289343.1
2022-06-18 00:00:00,1.718,1.751,1.426,1.553,1755287.7
2022-06-19 00:00:00,1.555,2.222,1.486,2.093,7251145.2
2022-06-20 00:00:00,2.093,3.44,1.971,3.266,38811381.6
2022-06-21 00:00:00,3.266,3.44,2.882,3.128,23989990.8
2022-06-22 00:00:00,3.129,3.723,2.959,2.968,24189928.5
2022-06-23 00:00:00,2.973,3.254,2.939,3.11,7828552.1
2022-06-24 00:00:00,3.11,3.378,2.958,3.031,7590576.3
2022-06-25 00:00:00,3.031,3.071,2.78,2.856,4978156.6
2022-06-26 00:00:00,2.858,2.984,2.656,2.667,3126285.9
2022-06-27 00:00:00,2.667,2.804,2.403,2.435,3513997.0
2022-06-28 00:00:00,2.434,2.632,2.289,2.483,7925816.7
2022-06-29 00:00:00,2.483,2.714,2.369,2.38,7662896.0
2022-06-30 00:00:00,2.381,2.407,2.103,2.284,4333048.0
2022-07-01 00:00:00,2.283,2.341,2.16,2.229,3173401.6
2022-07-02 00:00:00,2.23,2.655,2.205,2.605,9168636.2
2022-07-03 00:00:00,2.605,2.85,2.57,2.59,7691205.8
2022-07-04 00:00:00,2.589,2.98,2.496,2.841,9910242.1
2022-07-05 00:00:00,2.843,2.866,2.534,2.647,5389108.6
2022-07-06 00:00:00,2.647,2.791,2.55,2.617,4396043.8
2022-07-07 00:00:00,2.616,2.833,2.589,2.666,4561990.3
2022-07-08 00:00:00,2.665,2.736,2.483,2.501,3724554.7
2022-07-09 00:00:00,2.5,2.68,2.5,2.598,2387195.5
2022-07-10 00:00:00,2.598,2.651,2.387,2.443,2757623.8
2022-07-11 00:00:00,2.444,2.493,2.279,2.307,3234211.1
2022-07-12 00:00:00,2.308,2.5,2.303,2.326,6089579.9
2022-07-13 00:00:00,2.326,2.573,2.221,2.517,4165680.7
2022-07-14 00:00:00,2.516,2.796,2.513,2.711,6649319.4
2022-07-15 00:00:00,2.712,2.756,2.518,2.55,3180249.8
2022-07-16 00:00:00,2.55,2.98,2.536,2.804,4673091.1
2022-07-17 00:00:00,2.804,2.865,2.642,2.656,2959851.5
2022-07-18 00:00:00,2.658,3.155,2.652,2.943,6547061.5
2022-07-19 00:00:00,2.942,3.05,2.777,2.97,4463265.6
2022-07-20 00:00:00,2.97,3.199,2.799,2.861,6249946.5
2022-07-21 00:00:00,2.861,3.369,2.775,3.285,5814779.9
2022-07-22 00:00:00,3.285,3.407,2.985,3.015,4736727.8
2022-07-23 00:00:00,3.017,3.287,2.903,3.234,3121819.9
2022-07-24 00:00:00,3.233,3.537,3.19,3.424,5550525.3
2022-07-25 00:00:00,3.424,3.47,2.967,2.974,5505687.6
2022-07-26 00:00:00,2.973,3.065,2.811,2.967,3698685.8
2022-07-27 00:00:00,2.968,3.765,2.877,3.748,5337593.8
2022-07-28 00:00:00,3.748,4.44,3.597,4.131,9998787.2
2022-07-29 00:00:00,4.132,4.239,3.853,4.039,5445469.8
2022-07-30 00:00:00,4.043,4.045,3.571,3.642,4762163.7
2022-07-31 00:00:00,3.644,3.843,3.522,3.562,3847038.9
2022-08-01 00:00:00,3.562,3.799,3.401,3.606,5094876.4
2022-08-02 00:00:00,3.605,4.138,3.315,3.804,9197078.5
2022-08-03 00:00:00,3.804,4.046,3.665,3.71,6800896.7
2022-08-04 00:00:00,3.711,3.976,3.644,3.776,5433370.9
2022-08-05 00:00:00,3.777,4.193,3.769,4.058,5282039.3
2022-08-06 00:00:00,4.057,4.404,4.004,4.276,4743324.3
2022-08-07 00:00:00,4.276,4.288,4.045,4.081,2811934.8
2022-08-08 00:00:00,4.084,4.3,4.021,4.097,2558907.7
2022-08-09 00:00:00,4.095,4.128,3.723,3.815,2921178.4
2022-08-10 00:00:00,3.812,4.208,3.707,4.2,3994749.2
2022-08-11 00:00:00,4.2,4.348,3.976,4.04,4428749.3
2022-08-12 00:00:00,4.038,4.169,3.89,4.146,3745779.5
2022-08-13 00:00:00,4.144,4.154,3.955,3.971,1373787.5
2022-08-14 00:00:00,3.974,4.134,3.786,3.82,1897865.3
2022-08-15 00:00:00,3.819,3.952,3.587,3.694,1947681.8
2022-08-16 00:00:00,3.691,3.803,3.606,3.68,2090714.6
2022-08-17 00:00:00,3.681,3.847,3.452,3.503,2466333.6
2022-08-18 00:00:00,3.501,3.578,3.242,3.251,2036604.9
2022-08-19 00:00:00,3.251,3.278,2.738,2.801,6782206.0
2022-08-20 00:00:00,2.802,2.916,2.639,2.746,2417092.1
2022-08-21 00:00:00,2.745,3.119,2.745,3.114,2908865.1
2022-08-22 00:00:00,3.113,3.118,2.786,3.005,4999105.2
2022-08-23 00:00:00,3.003,3.236,2.907,3.052,4891936.3
2022-08-24 00:00:00,3.052,3.149,2.958,3.034,2229595.0
2022-08-25 00:00:00,3.035,3.109,2.917,3.02,2133060.8
2022-08-26 00:00:00,3.019,3.3,2.664,2.721,9657209.6
2022-08-27 00:00:00,2.721,2.922,2.607,2.891,4015453.2
2022-08-28 00:00:00,2.892,3.168,2.827,2.967,5956943.4
2022-08-29 00:00:00,2.97,3.578,2.783,3.472,10293372.0
2022-08-30 00:00:00,3.472,3.55,2.968,2.975,7881371.2
2022-08-31 00:00:00,2.977,3.145,2.912,2.957,6067033.9
2022-09-01 00:00:00,2.957,3.174,2.795,2.932,5789039.4
2022-09-02 00:00:00,2.931,3.26,2.884,3.026,5815479.4
2022-09-03 00:00:00,3.026,3.066,2.863,2.941,3256800.3
2022-09-04 00:00:00,2.937,2.989,2.9,2.982,1979459.4
2022-09-05 00:00:00,2.982,3.043,2.915,3.005,1777737.1
2022-09-06 00:00:00,3.005,3.109,2.711,2.794,4515616.4
2022-09-07 00:00:00,2.794,3.039,2.706,2.988,2479554.6
2022-09-08 00:00:00,2.989,3.013,2.823,2.929,2463035.1
2022-09-09 00:00:00,2.929,3.107,2.927,3.0,3812886.1
2022-09-10 00:00:00,3.0,3.154,2.931,3.023,3559219.6
2022-09-11 00:00:00,3.023,3.054,2.892,2.961,2372728.1
2022-09-12 00:00:00,2.962,3.037,2.879,2.942,3802613.8
2022-09-13 00:00:00,2.943,2.988,2.709,2.72,3479266.7
2022-09-14 00:00:00,2.72,2.778,2.633,2.719,3049063.4
2022-09-15 00:00:00,2.719,2.764,2.569,2.583,2883681.2
2022-09-16 00:00:00,2.585,2.647,2.525,2.595,2215739.0
2022-09-17 00:00:00,2.595,2.743,2.594,2.735,1354832.4
2022-09-18 00:00:00,2.737,2.739,2.343,2.439,2097770.4
2022-09-19 00:00:00,2.438,2.526,2.364,2.507,2354767.3
2022-09-20 00:00:00,2.507,2.544,2.302,2.359,2346744.7
2022-09-21 00:00:00,2.359,2.504,2.24,2.285,4192976.0
2022-09-22 00:00:00,2.284,2.554,2.283,2.506,2908624.0
2022-09-23 00:00:00,2.506,2.554,2.355,2.478,2699379.6
2022-09-24 00:00:00,2.48,2.533,2.404,2.41,1637343.0
2022-09-25 00:00:00,2.409,2.467,2.306,2.319,1938853.9
2022-09-26 00:00:00,2.319,2.348,2.248,2.327,3048999.6
2022-09-27 00:00:00,2.326,2.424,2.225,2.263,3243389.6
2022-09-28 00:00:00,2.262,2.503,2.156,2.451,5837791.0
2022-09-29 00:00:00,2.45,2.485,2.325,2.419,3100366.2
2022-09-30 00:00:00,2.422,2.439,2.334,2.377,3064659.5
2022-10-01 00:00:00,2.379,2.432,2.295,2.318,2336054.7
2022-10-02 00:00:00,2.318,2.332,2.205,2.217,2304256.2
2022-10-03 00:00:00,2.217,2.333,2.193,2.297,2485981.1
2022-10-04 00:00:00,2.297,2.363,2.271,2.337,2738534.5
2022-10-05 00:00:00,2.339,2.372,2.257,2.333,2487596.9
2022-10-06 00:00:00,2.332,2.371,2.244,2.257,3684682.9
2022-10-07 00:00:00,2.256,2.292,2.22,2.252,1768781.2
2022-10-08 00:00:00,2.252,2.267,2.194,2.213,728002.7
2022-10-09 00:00:00,2.214,2.273,2.21,2.25,714028.9
2022-10-10 00:00:00,2.25,2.285,2.11,2.119,2634289.4
2022-10-11 00:00:00,2.119,2.12,2.044,2.063,2301832.9
2022-10-12 00:00:00,2.063,2.117,2.037,2.065,1169459.6
2022-10-13 00:00:00,2.064,2.241,1.863,2.181,5451733.8
2022-10-14 00:00:00,2.182,2.261,2.042,2.07,3143055.3
2022-10-15 00:00:00,2.071,2.127,2.043,2.06,1349368.3
2022-10-16 00:00:00,2.061,2.367,2.058,2.282,4147533.1
2022-10-17 00:00:00,2.282,2.401,2.245,2.331,5029719.1
2022-10-18 00:00:00,2.331,2.391,2.244,2.367,5111676.9
2022-10-19 00:00:00,2.367,2.449,2.257,2.285,4690003.0
2022-10-20 00:00:00,2.285,2.393,2.189,2.242,3617598.8
2022-10-21 00:00:00,2.242,2.247,2.121,2.204,2242045.4
2022-10-22 00:00:00,2.204,2.27,2.189,2.212,1038078.9
2022-10-23 00:00:00,2.213,2.283,2.135,2.269,1597352.1
2022-10-24 00:00:00,2.269,2.306,2.186,2.192,2271151.2
2022-10-25 00:00:00,2.192,2.36,2.189,2.294,2659467.5
2022-10-26 00:00:00,2.296,2.495,2.296,2.44,4295032.1
2022-10-27 00:00:00,2.44,2.52,2.368,2.387,4433705.5
2022-10-28 00:00:00,2.388,2.455,2.306,2.419,4147636.7
2022-10-29 00:00:00,2.418,2.618,2.396,2.528,4205024.0
2022-10-30 00:00:00,2.529,2.585,2.403,2.444,2770997.8
2022-10-31 00:00:00,2.444,2.528,2.385,2.504,3573389.3
2022-11-01 00:00:00,2.504,2.645,2.494,2.503,3953317.8
2022-11-02 00:00:00,2.504,2.539,2.327,2.374,4210785.7
2022-11-03 00:00:00,2.374,2.592,2.37,2.43,4226197.8
2022-11-04 00:00:00,2.43,2.748,2.413,2.722,4795640.3
2022-11-05 00:00:00,2.723,2.795,2.615,2.656,3724869.0
2022-11-06 00:00:00,2.656,2.675,2.51,2.516,3135832.7
2022-11-07 00:00:00,2.516,2.78,2.455,2.596,5702151.4
2022-11-08 00:00:00,2.596,2.66,1.75,2.119,9645547.2
2022-11-09 00:00:00,2.121,2.165,1.643,1.713,4824646.1
2022-11-10 00:00:00,1.711,2.064,1.679,1.943,6607752.3
2022-11-11 00:00:00,1.944,1.964,1.771,1.867,3153229.6
2022-11-12 00:00:00,1.871,1.872,1.595,1.614,7233866.7
2022-11-13 00:00:00,1.616,1.718,1.546,1.573,5051050.8
2022-11-14 00:00:00,1.572,1.888,1.542,1.816,6533619.9
2022-11-15 00:00:00,1.816,1.968,1.736,1.795,4730547.6
2022-11-16 00:00:00,1.793,1.868,1.724,1.797,3398811.9
2022-11-17 00:00:00,1.798,1.832,1.705,1.725,2826762.8
2022-11-18 00:00:00,1.725,1.77,1.702,1.753,1833385.9
2022-11-19 00:00:00,1.753,1.758,1.696,1.747,1217607.8
2022-11-20 00:00:00,1.746,1.795,1.659,1.667,1735143.9
2022-11-21 00:00:00,1.667,1.686,1.548,1.594,3300522.3
2022-11-22 00:00:00,1.595,1.708,1.567,1.69,1991434.8
2022-11-23 00:00:00,1.69,1.776,1.657,1.733,3087073.9
2022-11-24 00:00:00,1.733,1.819,1.715,1.728,2696196.7
2022-11-25 00:00:00,1.727,1.733,1.652,1.706,3293542.9
2022-11-26 00:00:00,1.706,1.787,1.64,1.662,2945915.4
2022-11-27 00:00:00,1.662,1.716,1.649,1.675,1605895.3
2022-11-28 00:00:00,1.674,1.695,1.603,1.656,2245247.7
2022-11-29 00:00:00,1.657,1.705,1.626,1.642,2171585.4
2022-11-30 00:00:00,1.643,1.747,1.643,1.733,2114967.5
2022-12-01 00:00:00,1.734,1.775,1.709,1.718,1941467.1
2022-12-02 00:00:00,1.719,1.812,1.69,1.793,2737613.3
2022-12-03 00:00:00,1.792,1.793,1.701,1.712,1005518.1
2022-12-04 00:00:00,1.712,1.778,1.712,1.766,1378080.7
2022-12-05 00:00:00,1.766,1.953,1.756,1.922,4853219.5
2022-12-06 00:00:00,1.921,2.047,1.876,1.898,4621541.3
2022-12-07 00:00:00,1.898,2.06,1.841,1.969,6795495.1
2022-12-08 00:00:00,1.968,1.988,1.91,1.932,2322658.3
2022-12-09 00:00:00,1.931,1.977,1.87,1.896,3077464.2
2022-12-10 00:00:00,1.896,1.928,1.885,1.919,1567457.9
2022-12-11 00:00:00,1.919,1.982,1.915,1.929,1316601.5
2022-12-12 00:00:00,1.929,1.936,1.821,1.882,2786917.6
2022-12-13 00:00:00,1.883,1.91,1.805,1.862,3292467.9
2022-12-14 00:00:00,1.86,1.931,1.828,1.868,1425912.5
2022-12-15 00:00:00,1.868,1.882,1.798,1.809,1167495.0
2022-12-16 00:00:00,1.809,1.825,1.521,1.544,3796522.8
2022-12-17 00:00:00,1.544,1.611,1.509,1.605,2053594.6
2022-12-18 00:00:00,1.605,1.627,1.59,1.612,1830359.3
2022-12-19 00:00:00,1.612,1.639,1.511,1.534,2097770.3
2022-12-20 00:00:00,1.534,1.655,1.53,1.62,1527762.4
2022-12-21 00:00:00,1.62,1.621,1.538,1.547,1587748.4
2022-12-22 00:00:00,1.547,1.58,1.525,1.572,1813265.5
2022-12-23 00:00:00,1.572,1.594,1.538,1.54,1417794.5
2022-12-24 00:00:00,1.541,1.547,1.511,1.519,1739315.4
2022-12-25 00:00:00,1.519,1.52,1.453,1.481,2920152.9
2022-12-26 00:00:00,1.481,1.506,1.447,1.481,2253323.3
2022-12-27 00:00:00,1.483,1.527,1.459,1.491,2047460.9
2022-12-28 00:00:00,1.49,1.503,1.43,1.442,2167841.9
2022-12-29 00:00:00,1.442,1.461,1.401,1.431,1962559.1
2022-12-30 00:00:00,1.429,1.458,1.396,1.453,1690216.3
2022-12-31 00:00:00,1.453,1.483,1.435,1.436,1232315.7
2023-01-01 00:00:00,1.438,1.486,1.426,1.477,1187807.6
2023-01-02 00:00:00,1.476,1.532,1.451,1.509,1671277.3
2023-01-03 00:00:00,1.51,1.543,1.499,1.53,1165652.5
2023-01-04 00:00:00,1.53,1.649,1.517,1.605,2215174.0
2023-01-05 00:00:00,1.605,1.619,1.529,1.539,2662654.8
2023-01-06 00:00:00,1.539,1.641,1.525,1.628,2799937.0
2023-01-07 00:00:00,1.628,1.77,1.617,1.681,4169949.5
2023-01-08 00:00:00,1.683,1.775,1.643,1.767,1878923.8
2023-01-09 00:00:00,1.767,1.835,1.739,1.764,3118568.2
2023-01-10 00:00:00,1.763,1.815,1.736,1.783,1452729.7
2023-01-11 00:00:00,1.781,1.822,1.703,1.817,1257230.4
2023-01-12 00:00:00,1.818,1.856,1.744,1.824,2149661.0
2023-01-13 00:00:00,1.825,1.947,1.8,1.922,3023970.5
2023-01-14 00:00:00,1.922,2.338,1.922,2.097,7104176.6
2023-01-15 00:00:00,2.098,2.257,1.996,2.173,3923091.7
2023-01-16 00:00:00,2.173,2.315,2.083,2.127,3178293.2
2023-01-17 00:00:00,2.126,2.396,2.088,2.222,4637967.3
2023-01-18 00:00:00,2.223,2.31,1.991,2.059,4492526.4
2023-01-19 00:00:00,2.057,2.397,2.051,2.259,3920175.7
2023-01-20 00:00:00,2.259,2.73,2.223,2.595,7421734.2
2023-01-21 00:00:00,2.595,2.674,2.52,2.54,2941896.0
2023-01-22 00:00:00,2.54,2.668,2.485,2.595,1891303.6
2023-01-23 00:00:00,2.594,2.685,2.5,2.57,1649857.4
2023-01-24 00:00:00,2.571,2.628,2.292,2.334,1928950.4
2023-01-25 00:00:00,2.333,2.564,2.277,2.472,3512586.4
2023-01-26 00:00:00,2.473,2.499,2.351,2.409,2143609.0
2023-01-27 00:00:00,2.409,2.627,2.322,2.542,2470514.7
2023-01-28 00:00:00,2.541,2.574,2.42,2.448,1331299.2
2023-01-29 00:00:00,2.45,2.506,2.422,2.488,1743764.8
2023-01-30 00:00:00,2.487,2.509,2.183,2.289,2233468.4
2023-01-31 00:00:00,2.289,2.354,2.248,2.302,1636052.8
2023-02-01 00:00:00,2.303,2.738,2.189,2.665,4621167.6
2023-02-02 00:00:00,2.666,2.75,2.491,2.51,5181508.7
2023-02-03 00:00:00,2.511,2.655,2.458,2.563,3688471.4
2023-02-04 00:00:00,2.562,2.9,2.517,2.709,7505736.7
2023-02-05 00:00:00,2.709,2.761,2.493,2.56,4530599.8
2023-02-06 00:00:00,2.562,2.915,2.461,2.784,6068253.3
2023-02-07 00:00:00,2.785,2.957,2.757,2.919,7907579.2
2023-02-08 00:00:00,2.92,3.1,2.57,2.689,6094034.9
2023-02-09 00:00:00,2.689,2.718,2.282,2.376,4008257.3
2023-02-10 00:00:00,2.377,2.497,2.323,2.395,4134571.1
2023-02-11 00:00:00,2.395,2.456,2.362,2.445,1344976.0
2023-02-12 00:00:00,2.445,2.51,2.305,2.352,3083999.8
2023-02-13 00:00:00,2.353,2.48,2.219,2.401,4237300.3
2023-02-14 00:00:00,2.401,2.504,2.305,2.487,3383271.7
2023-02-15 00:00:00,2.487,2.749,2.427,2.738,4740077.7
2023-02-16 00:00:00,2.736,2.763,2.399,2.438,5497877.6
2023-02-17 00:00:00,2.438,2.669,2.421,2.623,4386643.8
2023-02-18 00:00:00,2.621,2.653,2.539,2.6,2427941.5
2023-02-19 00:00:00,2.599,2.78,2.552,2.614,4432637.1
2023-02-20 00:00:00,2.613,2.837,2.521,2.761,6526365.8
2023-02-21 00:00:00,2.762,2.817,2.541,2.611,4448614.0
2023-02-22 00:00:00,2.612,2.633,2.386,2.505,3792045.0
2023-02-23 00:00:00,2.504,2.81,2.442,2.617,7470111.5
2023-02-24 00:00:00,2.618,2.8,2.465,2.644,9526301.9
2023-02-25 00:00:00,2.644,2.701,2.398,2.47,4805499.2
2023-02-26 00:00:00,2.47,2.689,2.426,2.673,3296632.4
2023-02-27 00:00:00,2.672,2.836,2.586,2.824,6604967.7
2023-02-28 00:00:00,2.823,2.972,2.767,2.784,8844765.8
2023-03-01 00:00:00,2.783,3.06,2.758,3.033,7550186.0
2023-03-02 00:00:00,3.034,3.05,2.778,2.895,5591108.0
2023-03-03 00:00:00,2.894,2.92,2.557,2.876,8921928.8
2023-03-04 00:00:00,2.876,3.044,2.763,2.875,7298483.0
2023-03-05 00:00:00,2.875,3.37,2.861,3.111,9730836.8
2023-03-06 00:00:00,3.109,3.299,3.046,3.115,7603548.6
2023-03-07 00:00:00,3.115,3.155,2.805,2.928,6980248.9
2023-03-08 00:00:00,2.927,2.952,2.554,2.607,6359894.3
2023-03-09 00:00:00,2.606,2.617,2.26,2.367,7052662.6
2023-03-10 00:00:00,2.368,2.382,2.096,2.242,8312173.5
2023-03-11 00:00:00,2.239,2.316,1.987,2.184,8664150.4
2023-03-12 00:00:00,2.183,2.791,2.108,2.782,7298515.9
2023-03-13 00:00:00,2.778,3.353,2.737,3.148,21358544.9
2023-03-14 00:00:00,3.149,3.291,2.888,3.144,13560468.7
2023-03-15 00:00:00,3.143,3.39,2.527,2.653,18301401.2
2023-03-16 00:00:00,2.65,3.021,2.519,2.809,14598866.8
2023-03-17 00:00:00,2.809,3.159,2.719,3.038,17936936.0
2023-03-18 00:00:00,3.038,3.13,2.768,2.865,10972935.6
2023-03-19 00:00:00,2.868,2.991,2.791,2.871,5663103.5
2023-03-20 00:00:00,2.87,3.205,2.793,2.993,19908848.9
2023-03-21 00:00:00,2.992,3.046,2.785,2.856,10326998.1
2023-03-22 00:00:00,2.858,2.893,2.576,2.682,8408244.7
2023-03-23 00:00:00,2.681,2.785,2.622,2.709,5265430.3
2023-03-24 00:00:00,2.711,2.758,2.475,2.532,4862484.9
2023-03-25 00:00:00,2.531,2.569,2.35,2.409,4407519.4
2023-03-26 00:00:00,2.409,2.505,2.398,2.47,2803628.7
2023-03-27 00:00:00,2.469,2.551,2.286,2.345,6743461.8
2023-03-28 00:00:00,2.346,2.425,2.288,2.395,5375465.3
2023-03-29 00:00:00,2.396,2.59,2.383,2.56,6502466.4
2023-03-30 00:00:00,2.559,2.588,2.382,2.433,4971818.0
2023-03-31 00:00:00,2.434,2.605,2.365,2.557,4948774.2
2023-04-01 00:00:00,2.557,2.587,2.507,2.58,3539410.2
2023-04-02 00:00:00,2.58,2.66,2.508,2.56,4286921.6
2023-04-03 00:00:00,2.56,2.7,2.454,2.544,6741816.4
2023-04-04 00:00:00,2.546,2.789,2.528,2.76,5160829.7
2023-04-05 00:00:00,2.759,2.882,2.657,2.713,3607765.6
2023-04-06 00:00:00,2.713,2.73,2.64,2.68,2558184.8
2023-04-07 00:00:00,2.681,2.703,2.621,2.644,1876036.5
2023-04-08 00:00:00,2.644,2.722,2.593,2.629,1670661.1
2023-04-09 00:00:00,2.629,2.675,2.539,2.633,2346178.7
2023-04-10 00:00:00,2.632,2.702,2.583,2.699,2345701.1
2023-04-11 00:00:00,2.7,2.733,2.615,2.63,2845263.6
2023-04-12 00:00:00,2.629,2.638,2.511,2.576,3100050.0
2023-04-13 00:00:00,2.577,2.668,2.541,2.634,3048487.5
2023-04-14 00:00:00,2.635,2.778,2.627,2.736,5262678.0
2023-04-15 00:00:00,2.737,2.838,2.683,2.747,3627281.6
2023-04-16 00:00:00,2.746,2.873,2.682,2.839,4151068.9
2023-04-17 00:00:00,2.839,2.841,2.691,2.756,3331717.6
2023-04-18 00:00:00,2.756,3.054,2.703,3.02,7817801.0
2023-04-19 00:00:00,3.019,3.089,2.76,2.837,10653243.4
2023-04-20 00:00:00,2.836,3.03,2.646,2.701,9907096.0
2023-04-21 00:00:00,2.7,2.737,2.455,2.491,4687163.0
2023-04-22 00:00:00,2.49,2.554,2.453,2.543,3426926.9
2023-04-23 00:00:00,2.542,2.546,2.407,2.482,2092681.6
2023-04-24 00:00:00,2.482,2.524,2.408,2.475,2050932.1
2023-04-25 00:00:00,2.477,2.484,2.326,2.483,3030429.5
2023-04-26 00:00:00,2.485,2.608,2.263,2.41,7469362.0
2023-04-27 00:00:00,2.411,2.494,2.378,2.452,3396180.9
2023-04-28 00:00:00,2.452,2.474,2.391,2.443,2351772.0
2023-04-29 00:00:00,2.443,2.514,2.436,2.473,1713311.0
2023-04-30 00:00:00,2.473,2.496,2.399,2.428,1617604.9
2023-05-01 00:00:00,2.427,2.443,2.305,2.348,1733278.7
2023-05-02 00:00:00,2.347,2.466,2.323,2.444,2040116.5
2023-05-03 00:00:00,2.444,2.519,2.379,2.507,3252640.9
2023-05-04 00:00:00,2.508,2.539,2.442,2.488,1472492.5
2023-05-05 00:00:00,2.488,2.584,2.43,2.569,2381001.1
2023-05-06 00:00:00,2.569,2.571,2.341,2.39,1994792.0
2023-05-07 00:00:00,2.39,2.404,2.354,2.36,1372061.3
2023-05-08 00:00:00,2.361,2.385,2.108,2.168,3920814.4
2023-05-09 00:00:00,2.167,2.19,2.124,2.13,1781042.7
2023-05-10 00:00:00,2.131,2.228,2.03,2.177,3406243.7
2023-05-11 00:00:00,2.175,2.175,1.975,2.018,2630709.8
2023-05-12 00:00:00,2.02,2.077,1.941,2.077,1973517.2
2023-05-13 00:00:00,2.078,2.078,2.005,2.016,1039512.3
2023-05-14 00:00:00,2.016,2.086,1.99,2.063,987134.6
2023-05-15 00:00:00,2.063,2.131,2.024,2.096,1323443.6
2023-05-16 00:00:00,2.094,2.167,2.061,2.148,1960041.4
2023-05-17 00:00:00,2.148,2.535,2.135,2.416,8329831.4
2023-05-18 00:00:00,2.417,2.46,2.312,2.412,3807879.5
2023-05-19 00:00:00,2.413,2.43,2.351,2.398,1814586.3
2023-05-20 00:00:00,2.398,2.447,2.364,2.393,1032095.1
2023-05-21 00:00:00,2.392,2.402,2.314,2.328,1184393.0
2023-05-22 00:00:00,2.329,2.47,2.299,2.416,2227178.0
2023-05-23 00:00:00,2.416,2.536,2.403,2.464,2655663.2
2023-05-24 00:00:00,2.462,2.65,2.363,2.423,8154112.1
2023-05-25 00:00:00,2.425,2.429,2.251,2.312,4806512.7
2023-05-26 00:00:00,2.311,2.435,2.299,2.408,2331831.3
2023-05-27 00:00:00,2.41,2.456,2.386,2.404,1196751.5
2023-05-28 00:00:00,2.404,2.533,2.392,2.491,1974047.1
2023-05-29 00:00:00,2.49,2.503,2.375,2.408,1579529.5
2023-05-30 00:00:00,2.409,2.472,2.383,2.401,1827558.8
2023-05-31 00:00:00,2.4,2.434,2.305,2.325,2086910.1
2023-06-01 00:00:00,2.325,2.403,2.293,2.323,1985394.5
2023-06-02 00:00:00,2.324,2.404,2.301,2.378,1565643.5
2023-06-03 00:00:00,2.38,2.38,2.33,2.356,1372325.8
2023-06-04 00:00:00,2.357,2.396,2.329,2.36,1040773.9
2023-06-05 00:00:00,2.36,2.387,2.103,2.236,4921188.3
2023-06-06 00:00:00,2.234,2.331,2.164,2.298,2967597.5
2023-06-07 00:00:00,2.298,2.298,2.092,2.105,2256616.5
2023-06-08 00:00:00,2.104,2.152,2.06,2.067,1807077.6
2023-06-09 00:00:00,2.066,2.106,2.016,2.055,2024646.6
2023-06-10 00:00:00,2.056,2.057,1.616,1.741,6302174.7
2023-06-11 00:00:00,1.741,1.824,1.725,1.782,1753765.4
2023-06-12 00:00:00,1.78,1.898,1.708,1.806,3210360.6
2023-06-13 00:00:00,1.808,1.868,1.764,1.814,1673505.3
2023-06-14 00:00:00,1.814,1.867,1.749,1.774,1555314.5
2023-06-15 00:00:00,1.773,1.793,1.717,1.754,2385477.9
2023-06-16 00:00:00,1.754,1.849,1.729,1.823,1286376.1
2023-06-17 00:00:00,1.823,1.892,1.808,1.862,942459.4
2023-06-18 00:00:00,1.863,1.889,1.784,1.806,1353406.9
2023-06-19 00:00:00,1.807,1.841,1.782,1.803,1003607.4
2023-06-20 00:00:00,1.804,1.916,1.764,1.906,1430875.2
2023-06-21 00:00:00,1.908,2.008,1.9,1.961,2050483.6
2023-06-22 00:00:00,1.96,1.992,1.894,1.916,2471024.6
2023-06-23 00:00:00,1.917,2.009,1.892,1.982,1471335.6
2023-06-24 00:00:00,1.982,1.994,1.888,1.927,1520014.4
2023-06-25 00:00:00,1.928,2.432,1.917,2.184,14473753.1
2023-06-26 00:00:00,2.184,2.189,2.06,2.077,2769926.5
2023-06-27 00:00:00,2.077,2.183,2.062,2.124,3314392.7
2023-06-28 00:00:00,2.125,2.126,1.9,2.033,3549367.5
2023-06-29 00:00:00,2.031,2.391,2.011,2.22,12617157.3
2023-06-30 00:00:00,2.22,2.423,2.1,2.291,10833486.0
2023-07-01 00:00:00,2.293,2.32,2.246,2.292,3993047.8
2023-07-02 00:00:00,2.293,2.402,2.239,2.343,6474983.6
2023-07-03 00:00:00,2.345,2.397,2.201,2.214,7378409.0
2023-07-04 00:00:00,2.214,2.285,2.13,2.183,6061801.3
2023-07-05 00:00:00,2.183,2.194,2.056,2.118,4595186.5
2023-07-06 00:00:00,2.117,2.186,2.041,2.063,3249637.7
2023-07-07 00:00:00,2.063,2.111,2.033,2.103,2265834.8
2023-07-08 00:00:00,2.102,2.131,2.055,2.089,2086053.1
2023-07-09 00:00:00,2.089,2.118,2.067,2.074,1570465.9
2023-07-10 00:00:00,2.075,2.093,1.978,2.044,4910215.9
2023-07-11 00:00:00,2.044,2.062,2.005,2.033,1933976.6
2023-07-12 00:00:00,2.03,2.081,1.993,2.051,2393112.4
2023-07-13 00:00:00,2.051,2.193,1.994,2.188,4326034.1
2023-07-14 00:00:00,2.187,3.302,2.172,2.737,46867906.4
2023-07-15 00:00:00,2.735,2.95,2.555,2.819,15193519.3
2023-07-16 00:00:00,2.818,2.891,2.613,2.644,7688209.2
2023-07-17 00:00:00,2.642,2.801,2.528,2.658,8497074.1
2023-07-18 00:00:00,2.658,2.74,2.579,2.61,6585821.3
2023-07-19 00:00:00,2.61,2.833,2.593,2.712,6863165.3
2023-07-20 00:00:00,2.711,3.18,2.7,2.909,15270875.2
2023-07-21 00:00:00,2.908,3.225,2.851,2.993,12576390.2
2023-07-22 00:00:00,2.993,3.088,2.933,3.006,5527450.4
2023-07-23 00:00:00,3.005,3.14,2.86,2.894,6964553.0
2023-07-24 00:00:00,2.894,2.943,2.722,2.773,5287027.5
2023-07-25 00:00:00,2.774,2.83,2.708,2.75,2808598.8
2023-07-26 00:00:00,2.752,2.969,2.566,2.829,9418542.3
2023-07-27 00:00:00,2.829,3.025,2.78,2.865,5066057.8
2023-07-28 00:00:00,2.864,2.914,2.76,2.819,2747093.0
2023-07-29 00:00:00,2.819,2.883,2.793,2.845,3247872.9
2023-07-30 00:00:00,2.844,2.852,2.635,2.72,3030496.5
2023-07-31 00:00:00,2.719,2.798,2.526,2.569,5327854.1
2023-08-01 00:00:00,2.567,2.573,2.366,2.494,7722263.9
2023-08-02 00:00:00,2.494,2.621,2.421,2.472,6373074.5
2023-08-03 00:00:00,2.471,2.497,2.396,2.407,7716043.2
2023-08-04 00:00:00,2.407,2.583,2.359,2.497,9095737.5
2023-08-05 00:00:00,2.497,2.55,2.461,2.545,3849301.2
2023-08-06 00:00:00,2.544,2.604,2.527,2.548,3631930.8
2023-08-07 00:00:00,2.546,2.649,2.465,2.522,3513217.6
2023-08-08 00:00:00,2.522,2.62,2.437,2.583,4308494.3
2023-08-09 00:00:00,2.583,2.642,2.566,2.595,2817202.3
2023-08-10 00:00:00,2.595,2.659,2.556,2.587,3119997.0
2023-08-11 00:00:00,2.587,2.608,2.524,2.545,2867485.6
2023-08-12 00:00:00,2.546,2.567,2.52,2.547,2004747.1
2023-08-13 00:00:00,2.548,2.55,2.479,2.499,1546227.5
2023-08-14 00:00:00,2.498,2.548,2.465,2.488,1611967.5
2023-08-15 00:00:00,2.485,2.516,2.248,2.343,3491006.0
2023-08-16 00:00:00,2.343,2.384,2.255,2.311,2244037.6
2023-08-17 00:00:00,2.31,2.353,1.91,2.075,4375158.0
2023-08-18 00:00:00,2.074,2.192,2.044,2.179,2444502.1
2023-08-19 00:00:00,2.179,2.249,2.167,2.244,752160.4
2023-08-20 00:00:00,2.244,2.263,2.137,2.144,1778417.0
2023-08-21 00:00:00,2.146,2.154,2.061,2.091,1696200.8
2023-08-22 00:00:00,2.091,2.12,1.984,2.072,1894239.4
2023-08-23 00:00:00,2.071,2.253,2.067,2.136,3040567.5
2023-08-24 00:00:00,2.138,2.161,2.04,2.074,2317285.0
2023-08-25 00:00:00,2.074,2.082,2.001,2.064,3890479.6
2023-08-26 00:00:00,2.064,2.087,2.05,2.072,649380.6
2023-08-27 00:00:00,2.072,2.158,2.069,2.109,2009356.2
2023-08-28 00:00:00,2.107,2.145,2.075,2.077,2201485.4
2023-08-29 00:00:00,2.078,2.142,2.03,2.06,4858772.5
2023-08-30 00:00:00,2.059,2.093,1.988,1.99,3083842.7
2023-08-31 00:00:00,1.989,2.029,1.895,1.927,5910991.5
2023-09-01 00:00:00,1.927,1.96,1.898,1.934,2185558.4
2023-09-02 00:00:00,1.937,1.984,1.905,1.971,2007102.4
2023-09-03 00:00:00,1.971,2.039,1.947,2.001,4386565.1
2023-09-04 00:00:00,2.001,2.32,1.998,2.183,12487576.4
2023-09-05 00:00:00,2.185,2.305,2.126,2.257,4709079.1
2023-09-06 00:00:00,2.256,2.557,2.212,2.288,16533141.8
2023-09-07 00:00:00,2.287,2.378,2.272,2.293,4370659.0
2023-09-08 00:00:00,2.292,2.321,2.147,2.173,2947911.7
2023-09-09 00:00:00,2.174,2.265,2.128,2.174,2648032.5
2023-09-10 00:00:00,2.173,2.196,2.05,2.14,2273699.8
2023-09-11 00:00:00,2.14,2.159,2.01,2.043,1682195.6
2023-09-12 00:00:00,2.043,2.17,2.027,2.036,2667813.7
2023-09-13 00:00:00,2.036,2.157,2.029,2.085,3043961.8
2023-09-14 00:00:00,2.086,2.144,2.065,2.118,1493137.4
2023-09-15 00:00:00,2.114,2.192,2.107,2.189,1030839.0
2023-09-16 00:00:00,2.188,2.259,2.175,2.195,996470.1
2023-09-17 00:00:00,2.191,2.194,2.105,2.132,814452.3
2023-09-18 00:00:00,2.131,2.215,2.106,2.166,1474059.3
2023-09-19 00:00:00,2.165,2.197,2.135,2.155,993275.5
2023-09-20 00:00:00,2.155,2.213,2.08,2.106,2767013.8
2023-09-21 00:00:00,2.106,2.144,2.029,2.055,1136050.8
2023-09-22 00:00:00,2.054,2.13,2.034,2.127,966765.1
2023-09-23 00:00:00,2.126,2.141,1.938,2.004,5815627.1
2023-09-24 00:00:00,2.004,2.005,1.94,1.953,2378715.8
2023-09-25 00:00:00,1.952,2.004,1.929,1.986,1424653.8
2023-09-26 00:00:00,1.985,1.998,1.961,1.99,791398.8
2023-09-27 00:00:00,1.99,2.079,1.987,2.026,3633590.3
2023-09-28 00:00:00,2.026,2.105,1.99,2.073,2606772.1
2023-09-29 00:00:00,2.072,2.135,2.043,2.058,2560484.7
2023-09-30 00:00:00,2.059,2.107,2.036,2.083,1485957.8
2023-10-01 00:00:00,2.083,2.191,2.077,2.17,2003745.4
2023-10-02 00:00:00,2.17,2.175,2.044,2.064,2260239.7
2023-10-03 00:00:00,2.064,2.123,2.027,2.036,3115595.3
2023-10-04 00:00:00,2.036,2.053,1.962,2.045,1688120.3
2023-10-05 00:00:00,2.044,2.05,1.97,1.978,3272987.4
2023-10-06 00:00:00,1.976,2.051,1.964,2.035,2520188.7
2023-10-07 00:00:00,2.036,2.039,1.993,2.006,1063588.6
2023-10-08 00:00:00,2.008,2.031,1.977,2.025,833923.6
2023-10-09 00:00:00,2.025,2.025,1.871,1.926,2140901.6
2023-10-10 00:00:00,1.925,1.968,1.896,1.924,878579.7
2023-10-11 00:00:00,1.924,1.947,1.878,1.928,1415527.1
2023-10-12 00:00:00,1.927,1.932,1.84,1.85,2786092.2
2023-10-13 00:00:00,1.849,1.889,1.829,1.873,1333468.2
2023-10-14 00:00:00,1.874,1.877,1.848,1.851,477762.3
2023-10-15 00:00:00,1.851,1.881,1.843,1.872,1095577.1
2023-10-16 00:00:00,1.872,1.972,1.866,1.923,1820099.1
2023-10-17 00:00:00,1.924,1.959,1.877,1.932,1976657.5
2023-10-18 00:00:00,1.931,1.974,1.907,1.908,1875686.8
2023-10-19 00:00:00,1.908,1.941,1.851,1.904,2881000.9
2023-10-20 00:00:00,1.904,1.995,1.894,1.973,1667847.1
2023-10-21 00:00:00,1.973,2.112,1.949,2.07,2867450.6
2023-10-22 00:00:00,2.07,2.138,2.055,2.123,2389188.0
2023-10-23 00:00:00,2.123,2.248,2.116,2.239,4667520.4
2023-10-24 00:00:00,2.238,2.365,2.15,2.29,4678353.6
2023-10-25 00:00:00,2.29,2.405,2.254,2.362,3921617.2
2023-10-26 00:00:00,2.361,2.468,2.264,2.31,3754426.1
2023-10-27 00:00:00,2.311,2.324,2.22,2.284,1997204.0
2023-10-28 00:00:00,2.284,2.338,2.261,2.317,1743009.6
2023-10-29 00:00:00,2.319,2.351,2.275,2.321,1577944.5
2023-10-30 00:00:00,2.321,2.353,2.264,2.328,2129714.2
2023-10-31 00:00:00,2.327,2.347,2.174,2.264,2808569.3
2023-11-01 00:00:00,2.263,2.388,2.176,2.354,2995500.7
2023-11-02 00:00:00,2.354,2.507,2.304,2.344,5958586.3
2023-11-03 00:00:00,2.344,2.416,2.253,2.402,3293234.1
2023-11-04 00:00:00,2.402,2.454,2.374,2.432,2154609.8
2023-11-05 00:00:00,2.432,2.532,2.408,2.482,3837263.7
2023-11-06 00:00:00,2.483,2.64,2.46,2.578,4155838.1
2023-11-07 00:00:00,2.578,2.582,2.396,2.482,2822797.5
2023-11-08 00:00:00,2.482,2.7,2.457,2.64,3551428.2
2023-11-09 00:00:00,2.641,2.8,2.342,2.641,8292386.5
2023-11-10 00:00:00,2.642,2.735,2.502,2.715,4790439.6
2023-11-11 00:00:00,2.715,2.765,2.571,2.67,3632377.8
2023-11-12 00:00:00,2.669,2.94,2.57,2.868,6174954.2
2023-11-13 00:00:00,2.867,2.977,2.562,2.565,6985809.5
2023-11-14 00:00:00,2.565,2.703,2.433,2.608,5826915.7
2023-11-15 00:00:00,2.606,3.096,2.605,3.037,7277155.1
2023-11-16 00:00:00,3.038,3.33,2.842,2.874,17280750.9
2023-11-17 00:00:00,2.873,3.113,2.772,2.975,13716165.1
2023-11-18 00:00:00,2.974,2.983,2.734,2.979,5713579.7
2023-11-19 00:00:00,2.978,3.456,2.856,3.428,10663277.7
2023-11-20 00:00:00,3.431,3.736,3.305,3.477,13915734.2
2023-11-21 00:00:00,3.474,3.559,3.115,3.223,12722367.0
2023-11-22 00:00:00,3.225,3.813,3.217,3.422,17948167.4
2023-11-23 00:00:00,3.423,3.524,3.339,3.365,6433464.8
2023-11-24 00:00:00,3.367,3.661,3.351,3.601,6913823.9
2023-11-25 00:00:00,3.603,3.788,3.565,3.633,4359850.2
2023-11-26 00:00:00,3.634,3.648,3.372,3.437,3845822.4
2023-11-27 00:00:00,3.438,3.473,3.186,3.289,3914987.2
2023-11-28 00:00:00,3.289,3.43,3.208,3.406,3918727.2
2023-11-29 00:00:00,3.407,3.533,3.282,3.352,3602659.5
2023-11-30 00:00:00,3.349,3.392,3.269,3.308,2746165.8
2023-12-01 00:00:00,3.31,3.457,3.27,3.423,2804122.0
2023-12-02 00:00:00,3.423,3.707,3.41,3.646,5344115.9
2023-12-03 00:00:00,3.645,3.98,3.642,3.816,6650891.9
2023-12-04 00:00:00,3.816,3.925,3.53,3.739,5229074.0
2023-12-05 00:00:00,3.74,4.155,3.514,4.049,6721075.6
2023-12-06 00:00:00,4.048,4.057,3.624,3.658,5284961.0
2023-12-07 00:00:00,3.658,3.88,3.634,3.739,5341651.3
2023-12-08 00:00:00,3.738,3.877,3.707,3.847,3584451.0
2023-12-09 00:00:00,3.847,3.938,3.7,3.885,3962125.0
2023-12-10 00:00:00,3.884,4.47,3.862,4.39,12140670.9
2023-12-11 00:00:00,4.389,4.735,3.874,4.533,16557699.7
2023-12-12 00:00:00,4.534,4.951,4.125,4.23,10461563.5
2023-12-13 00:00:00,4.232,4.527,3.934,4.373,7488443.6
2023-12-14 00:00:00,4.374,4.4,4.04,4.324,4806184.4
2023-12-15 00:00:00,4.323,4.336,3.999,4.017,3482245.6
2023-12-16 00:00:00,4.019,4.206,3.964,4.058,2405012.2
2023-12-17 00:00:00,4.058,4.095,3.757,3.772,2274585.7
2023-12-18 00:00:00,3.772,3.812,3.41,3.704,6622758.5
2023-12-19 00:00:00,3.704,3.816,3.549,3.6,3756727.6
2023-12-20 00:00:00,3.597,3.845,3.585,3.72,3899116.6
2023-12-21 00:00:00,3.72,3.943,3.698,3.814,3612699.0
2023-12-22 00:00:00,3.814,4.222,3.814,4.214,6105740.8
2023-12-23 00:00:00,4.219,4.249,3.961,4.037,3928807.5
2023-12-24 00:00:00,4.037,4.237,3.97,4.085,3499478.0
2023-12-25 00:00:00,4.084,4.258,3.95,4.053,3561323.4
2023-12-26 00:00:00,4.053,4.101,3.621,3.856,5168654.1
2023-12-27 00:00:00,3.858,4.373,3.739,4.157,5174987.9
2023-12-28 00:00:00,4.156,4.451,4.022,4.046,6163860.8
2023-12-29 00:00:00,4.045,4.154,3.752,3.891,4030936.6
2023-12-30 00:00:00,3.891,3.972,3.784,3.856,1977994.1
2023-12-31 00:00:00,3.856,4.059,3.75,3.866,3548703.6
2024-01-01 00:00:00,3.865,4.097,3.851,4.083,1960645.4
2024-01-02 00:00:00,4.086,4.219,3.869,3.898,2873747.2
2024-01-03 00:00:00,3.894,3.998,3.1,3.49,7060121.7
2024-01-04 00:00:00,3.49,3.686,3.42,3.624,2739208.1
2024-01-05 00:00:00,3.623,3.677,3.216,3.429,5071437.3
2024-01-06 00:00:00,3.43,3.578,3.287,3.462,5920916.6
2024-01-07 00:00:00,3.462,3.575,3.265,3.305,2609794.2
2024-01-08 00:00:00,3.306,3.461,3.082,3.359,4882993.2
2024-01-09 00:00:00,3.358,3.371,3.129,3.326,4113607.8
2024-01-10 00:00:00,3.326,3.923,3.319,3.865,8129603.9
2024-01-11 00:00:00,3.869,4.06,3.764,3.938,6369494.6
2024-01-12 00:00:00,3.945,4.057,3.564,3.748,4368031.6
2024-01-13 00:00:00,3.747,3.801,3.615,3.757,2082698.7
2024-01-14 00:00:00,3.759,3.761,3.527,3.541,2031368.7
2024-01-15 00:00:00,3.54,3.692,3.523,3.548,2098407.7
2024-01-16 00:00:00,3.548,3.649,3.449,3.633,2089366.2
2024-01-17 00:00:00,3.633,3.663,3.511,3.587,1871247.8
2024-01-18 00:00:00,3.587,3.588,3.27,3.362,2509211.5
2024-01-19 00:00:00,3.362,3.414,3.169,3.353,2481332.8
2024-01-20 00:00:00,3.352,3.374,3.251,3.322,1614685.3
2024-01-21 00:00:00,3.319,3.394,3.271,3.278,1526146.0
2024-01-22 00:00:00,3.277,3.411,3.185,3.202,4625738.7
2024-01-23 00:00:00,3.2,3.243,2.978,3.11,4003331.1
2024-01-24 00:00:00,3.11,3.222,3.065,3.203,2165139.3
2024-01-25 00:00:00,3.203,3.225,3.043,3.124,2178564.6
2024-01-26 00:00:00,3.121,3.265,3.097,3.221,2087465.0
2024-01-27 00:00:00,3.225,3.281,3.204,3.234,1551480.1
2024-01-28 00:00:00,3.235,3.315,3.135,3.172,1793380.0
2024-01-29 00:00:00,3.174,3.266,3.139,3.26,1818321.2
2024-01-30 00:00:00,3.261,3.299,3.189,3.213,2233602.7
2024-01-31 00:00:00,3.213,3.224,3.03,3.057,2289375.7
2024-02-01 00:00:00,3.057,3.159,3.01,3.15,1574971.6
2024-02-02 00:00:00,3.15,3.204,3.126,3.178,1390995.7
2024-02-03 00:00:00,3.178,3.2,3.101,3.109,1182699.6
2024-02-04 00:00:00,3.109,3.204,3.048,3.095,1881599.5
2024-02-05 00:00:00,3.094,3.136,3.032,3.078,1937807.7
2024-02-06 00:00:00,3.079,3.243,3.073,3.216,2299450.7
2024-02-07 00:00:00,3.218,3.392,3.206,3.345,2890665.5
2024-02-08 00:00:00,3.346,3.445,3.315,3.345,2124619.9
2024-02-09 00:00:00,3.347,3.54,3.344,3.482,2718733.7
2024-02-10 00:00:00,3.482,3.575,3.413,3.459,3337673.3
2024-02-11 00:00:00,3.459,3.511,3.399,3.479,1511607.3
2024-02-12 00:00:00,3.48,3.66,3.37,3.619,3070826.7
2024-02-13 00:00:00,3.62,3.671,3.471,3.61,3426698.7
2024-02-14 00:00:00,3.61,3.787,3.576,3.664,3339834.4
2024-02-15 00:00:00,3.665,3.837,3.629,3.727,3376629.9
2024-02-16 00:00:00,3.724,3.748,3.53,3.639,3502941.5
2024-02-17 00:00:00,3.639,3.688,3.513,3.671,1745281.1
2024-02-18 00:00:00,3.671,3.795,3.614,3.765,1577986.1
2024-02-19 00:00:00,3.765,3.934,3.72,3.816,3319009.6
2024-02-20 00:00:00,3.817,3.851,3.548,3.699,3448387.8
2024-02-21 00:00:00,3.7,3.709,3.393,3.533,2893532.1
2024-02-22 00:00:00,3.534,3.613,3.438,3.508,2367817.4
2024-02-23 00:00:00,3.509,3.863,3.401,3.661,7455127.1
2024-02-24 00:00:00,3.665,4.166,3.641,4.041,7901351.1
2024-02-25 00:00:00,4.041,4.071,3.847,3.92,3127121.8
2024-02-26 00:00:00,3.92,4.196,3.896,4.095,4845014.3
2024-02-27 00:00:00,4.095,4.144,3.864,3.872,4039689.9
2024-02-28 00:00:00,3.873,4.068,3.5,3.968,6454062.2
2024-02-29 00:00:00,3.969,4.551,3.925,4.182,5712583.3
2024-03-01 00:00:00,4.183,4.567,4.182,4.539,5571601.6
2024-03-02 00:00:00,4.54,4.739,4.45,4.62,3225636.1
2024-03-03 00:00:00,4.62,4.725,4.043,4.439,3662482.5
2024-03-04 00:00:00,4.44,4.593,4.283,4.41,4954081.2
2024-03-05 00:00:00,4.414,4.696,3.487,4.011,9205514.9
2024-03-06 00:00:00,4.009,4.439,3.859,4.368,4428303.8
2024-03-07 00:00:00,4.368,4.583,4.336,4.498,4143984.5
2024-03-08 00:00:00,4.499,4.582,4.151,4.289,3498983.9
2024-03-09 00:00:00,4.289,4.479,4.27,4.341,3016748.7
2024-03-10 00:00:00,4.342,4.526,4.184,4.369,3565436.3
2024-03-11 00:00:00,4.37,4.778,4.014,4.731,6891676.2
2024-03-12 00:00:00,4.731,5.158,4.46,5.086,8602722.4
2024-03-13 00:00:00,5.084,5.287,4.834,4.946,7263224.1
2024-03-14 00:00:00,4.942,4.989,4.458,4.742,5142782.1
2024-03-15 00:00:00,4.743,4.798,4.075,4.28,5394854.6
2024-03-16 00:00:00,4.285,4.411,3.873,3.996,3861767.7
2024-03-17 00:00:00,3.996,4.184,3.81,4.101,2539190.6
2024-03-18 00:00:00,4.101,4.22,3.808,3.894,3039904.7
2024-03-19 00:00:00,3.894,3.936,3.467,3.554,4703265.0
2024-03-20 00:00:00,3.556,4.007,3.434,4.006,4318011.5
2024-03-21 00:00:00,4.007,4.427,3.972,4.367,6486296.0
2024-03-22 00:00:00,4.367,4.491,4.157,4.293,4675775.9
2024-03-23 00:00:00,4.292,4.518,4.219,4.401,2740474.4
2024-03-24 00:00:00,4.399,4.777,4.334,4.588,4433091.8
2024-03-25 00:00:00,4.587,5.22,4.532,5.105,5477741.8
2024-03-26 00:00:00,5.101,5.165,4.839,4.919,4468356.9
2024-03-27 00:00:00,4.918,5.088,4.742,4.782,4258484.9
2024-03-28 00:00:00,4.782,5.11,4.656,5.053,3874417.8
2024-03-29 00:00:00,5.053,5.108,4.7,4.763,2954944.7
2024-03-30 00:00:00,4.763,4.789,4.527,4.561,1945129.7
2024-03-31 00:00:00,4.562,4.746,4.536,4.665,1624106.6
2024-04-01 00:00:00,4.664,4.709,4.284,4.408,3041992.8
2024-04-02 00:00:00,4.409,4.417,4.005,4.018,3408407.1
2024-04-03 00:00:00,4.019,4.21,3.881,3.978,2323192.0
2024-04-04 00:00:00,3.978,4.161,3.858,4.08,1696394.2
2024-04-05 00:00:00,4.078,4.079,3.83,3.908,2176699.5
2024-04-06 00:00:00,3.907,4.001,3.887,3.971,812818.7
2024-04-07 00:00:00,3.971,4.043,3.919,4.009,1414720.0
2024-04-08 00:00:00,4.009,4.414,3.912,4.324,2584816.8
2024-04-09 00:00:00,4.324,4.375,3.983,3.994,2563714.5
2024-04-10 00:00:00,3.991,4.024,3.707,3.922,2717426.1
2024-04-11 00:00:00,3.923,4.03,3.789,3.862,1583715.4
2024-04-12 00:00:00,3.862,3.945,2.955,3.24,6795170.1
2024-04-13 00:00:00,3.24,3.271,2.403,2.785,8692655.9
2024-04-14 00:00:00,2.783,3.012,2.64,2.972,4970499.0
2024-04-15 00:00:00,2.971,3.244,2.824,2.945,4698104.2
2024-04-16 00:00:00,2.943,2.988,2.766,2.884,2826711.2
2024-04-17 00:00:00,2.884,2.936,2.697,2.787,2525985.8
2024-04-18 00:00:00,2.787,2.884,2.7,2.865,1949575.5
2024-04-19 00:00:00,2.865,3.029,2.624,2.953,2524098.8
2024-04-20 00:00:00,2.952,3.146,2.914,3.119,1444101.5
2024-04-21 00:00:00,3.12,3.147,2.981,3.058,1297302.5
2024-04-22 00:00:00,3.057,3.182,3.037,3.149,1961237.8
2024-04-23 00:00:00,3.149,3.185,2.983,3.011,2333524.8
2024-04-24 00:00:00,3.011,3.127,2.814,2.858,2111846.9
2024-04-25 00:00:00,2.859,3.013,2.766,2.956,1835981.6
2024-04-26 00:00:00,2.956,2.985,2.852,2.877,1309705.1
2024-04-27 00:00:00,2.88,2.996,2.76,2.941,1663740.6
2024-04-28 00:00:00,2.94,3.027,2.927,2.946,1405784.9
2024-04-29 00:00:00,2.943,2.999,2.813,2.9,1776328.8
2024-04-30 00:00:00,2.903,2.942,2.557,2.649,2485158.6
2024-05-01 00:00:00,2.646,2.705,2.449,2.654,2527793.6
2024-05-02 00:00:00,2.652,2.69,2.56,2.656,2118339.2
2024-05-03 00:00:00,2.654,2.858,2.641,2.834,1950114.9
2024-05-04 00:00:00,2.834,2.884,2.805,2.815,1054265.4
2024-05-05 00:00:00,2.815,2.881,2.754,2.839,1292641.6
2024-05-06 00:00:00,2.839,2.955,2.764,2.77,1647776.2
2024-05-07 00:00:00,2.77,2.801,2.597,2.616,1805956.0
2024-05-08 00:00:00,2.616,2.625,2.533,2.55,2086212.0
2024-05-09 00:00:00,2.55,2.678,2.496,2.657,1619156.0
2024-05-10 00:00:00,2.657,2.735,2.555,2.582,1920281.2
2024-05-11 00:00:00,2.582,2.63,2.556,2.562,1050344.8
2024-05-12 00:00:00,2.562,2.61,2.521,2.533,1028263.3
2024-05-13 00:00:00,2.534,2.594,2.407,2.418,2426385.8
2024-05-14 00:00:00,2.417,2.442,2.327,2.345,1922427.3
2024-05-15 00:00:00,2.345,2.594,2.33,2.569,2196467.3
2024-05-16 00:00:00,2.569,2.63,2.501,2.555,1528664.4
2024-05-17 00:00:00,2.555,2.755,2.533,2.661,2069338.6
2024-05-18 00:00:00,2.661,2.712,2.648,2.687,1282842.8
2024-05-19 00:00:00,2.687,2.705,2.536,2.564,899886.4
2024-05-20 00:00:00,2.563,2.945,2.508,2.937,2901338.0
2024-05-21 00:00:00,2.938,3.031,2.899,2.924,3592016.2
2024-05-22 00:00:00,2.925,2.932,2.803,2.862,2099982.1
2024-05-23 00:00:00,2.862,2.982,2.675,2.874,4021100.9
2024-05-24 00:00:00,2.873,2.977,2.771,2.891,1655232.3
2024-05-25 00:00:00,2.892,3.049,2.861,2.932,1628674.1
2024-05-26 00:00:00,2.93,3.059,2.877,3.017,1692889.1
2024-05-27 00:00:00,3.018,3.366,2.997,3.121,3405678.3
2024-05-28 00:00:00,3.121,3.134,2.953,2.981,2019055.0
2024-05-29 00:00:00,2.981,3.036,2.81,2.874,1491112.4
2024-05-30 00:00:00,2.875,2.92,2.74,2.779,2179966.9
2024-05-31 00:00:00,2.78,2.877,2.761,2.84,1015437.4
2024-06-01 00:00:00,2.841,2.991,2.835,2.9,1362526.3
2024-06-02 00:00:00,2.9,2.919,2.706,2.717,1991842.4
2024-06-03 00:00:00,2.716,2.754,2.61,2.621,3356201.7
2024-06-04 00:00:00,2.622,2.756,2.613,2.751,1480812.4
2024-06-05 00:00:00,2.751,2.825,2.74,2.809,1360788.1
2024-06-06 00:00:00,2.809,2.81,2.709,2.75,859191.1
2024-06-07 00:00:00,2.749,2.785,2.272,2.512,2981760.4
2024-06-08 00:00:00,2.511,2.537,2.365,2.397,1686063.1
2024-06-09 00:00:00,2.396,2.458,2.375,2.434,966921.0
2024-06-10 00:00:00,2.434,2.456,2.358,2.383,1249695.1
2024-06-11 00:00:00,2.384,2.391,2.2,2.236,2723594.2
2024-06-12 00:00:00,2.234,2.405,2.192,2.345,2219752.5
2024-06-13 00:00:00,2.345,2.345,2.158,2.197,2372962.6
2024-06-14 00:00:00,2.197,2.236,2.05,2.13,2123931.9
2024-06-15 00:00:00,2.13,2.238,2.127,2.181,1004061.0
2024-06-16 00:00:00,2.182,2.223,2.14,2.202,806000.5
2024-06-17 00:00:00,2.201,2.222,1.955,1.998,2372639.1
2024-06-18 00:00:00,1.999,2.006,1.717,1.909,4550397.3
2024-06-19 00:00:00,1.908,2.031,1.884,1.985,2129533.4
2024-06-20 00:00:00,1.985,2.088,1.975,1.99,1775968.8
2024-06-21 00:00:00,1.99,2.045,1.959,2.008,1440503.1
2024-06-22 00:00:00,2.008,2.01,1.963,1.98,687270.1
2024-06-23 00:00:00,1.98,2.049,1.955,1.958,1033717.5
2024-06-24 00:00:00,1.957,2.011,1.839,2.007,3056787.2
2024-06-25 00:00:00,2.007,2.08,1.992,2.025,1695495.8
2024-06-26 00:00:00,2.022,2.053,1.946,1.993,1642289.4
2024-06-27 00:00:00,1.993,2.049,1.94,2.02,1451689.0
2024-06-28 00:00:00,2.019,2.107,1.952,1.965,1839474.3
2024-06-29 00:00:00,1.965,1.988,1.895,1.914,1548962.5
2024-06-30 00:00:00,1.914,1.998,1.888,1.995,1458650.3
2024-07-01 00:00:00,1.996,2.069,1.961,1.993,1505703.6
2024-07-02 00:00:00,1.992,2.014,1.948,1.987,759374.1
2024-07-03 00:00:00,1.988,1.99,1.84,1.861,1971161.4
2024-07-04 00:00:00,1.86,1.879,1.634,1.65,2260099.1
2024-07-05 00:00:00,1.651,1.654,1.392,1.528,5963776.4
2024-07-06 00:00:00,1.528,1.661,1.526,1.654,1379996.9
2024-07-07 00:00:00,1.654,1.662,1.52,1.529,1677707.3
2024-07-08 00:00:00,1.529,1.648,1.481,1.601,2628558.5
2024-07-09 00:00:00,1.6,1.664,1.579,1.656,1358703.5
2024-07-10 00:00:00,1.657,1.693,1.626,1.652,1376144.8
2024-07-11 00:00:00,1.653,1.69,1.616,1.617,1671700.7
2024-07-12 00:00:00,1.617,1.705,1.607,1.687,1243026.8
2024-07-13 00:00:00,1.688,1.716,1.657,1.69,1000941.6
2024-07-14 00:00:00,1.689,1.87,1.684,1.843,2210520.0
2024-07-15 00:00:00,1.842,1.938,1.828,1.924,3006486.9
2024-07-16 00:00:00,1.924,1.954,1.819,1.904,2624844.1
2024-07-17 00:00:00,1.905,1.968,1.895,1.928,1721066.1
2024-07-18 00:00:00,1.928,2.032,1.886,1.922,1754631.0
2024-07-19 00:00:00,1.922,1.983,1.879,1.963,1373685.8
2024-07-20 00:00:00,1.963,1.999,1.819,1.885,3334031.3
2024-07-21 00:00:00,1.885,1.921,1.806,1.916,2345346.4
2024-07-22 00:00:00,1.916,1.925,1.809,1.814,2523828.3
2024-07-23 00:00:00,1.814,1.852,1.741,1.769,2349707.6
2024-07-24 00:00:00,1.769,1.8,1.719,1.726,950205.2
